Hour,Load (kW)
1,5.379
2,5.36
3,5.379
4,5.377
5,5.434
6,5.481
7,5.526
8,2.367
9,6.527
10,6.527
11,14.08
12,14.08
13,19.115
14,19.115
15,19.115
16,19.115
17,19.115
18,17.881
19,12.846
20,5.313
21,5.313
22,5.325
23,5.338
24,5.367
25,5.622
26,5.704
27,5.753
28,5.737
29,5.796
30,5.831
31,8.943
32,9.678
33,16.597
34,26.161
35,26.161
36,26.161
37,26.161
38,26.161
39,26.161
40,26.161
41,26.161
42,29.963
43,22.916
44,22.916
45,20.399
46,9.353
47,5.503
48,5.697
49,5.859
50,5.938
51,6.052
52,6.093
53,6.225
54,6.24
55,8.943
56,9.678
57,16.597
58,26.161
59,26.161
60,26.161
61,26.161
62,26.161
63,26.161
64,26.161
65,26.161
66,29.963
67,22.916
68,22.916
69,20.399
70,9.428
71,5.937
72,6.2
73,6.355
74,6.507
75,6.529
76,6.649
77,6.704
78,6.779
79,8.943
80,9.678
81,16.597
82,26.161
83,26.161
84,26.161
85,26.161
86,26.161
87,26.161
88,26.161
89,26.161
90,29.963
91,22.916
92,22.916
93,20.399
94,9.358
95,5.544
96,5.709
97,5.771
98,5.829
99,5.896
100,5.921
101,5.914
102,5.931
103,8.943
104,9.678
105,16.597
106,26.161
107,26.161
108,26.161
109,26.161
110,26.161
111,26.161
112,26.161
113,26.161
114,29.963
115,22.916
116,22.916
117,20.399
118,9.343
119,5.45
120,5.461
121,5.392
122,5.53
123,5.636
124,5.617
125,5.766
126,5.849
127,8.817
128,7.794
129,11.562
130,19.115
131,26.161
132,26.161
133,26.161
134,26.161
135,26.161
136,26.161
137,26.161
138,29.963
139,20.399
140,15.364
141,15.364
142,10.328
143,5.313
144,5.327
145,5.367
146,5.482
147,5.653
148,5.742
149,5.828
150,5.873
151,5.93
152,3.425
153,6.527
154,6.527
155,14.08
156,14.08
157,19.115
158,19.115
159,19.115
160,19.115
161,19.115
162,17.881
163,12.846
164,5.363
165,5.707
166,5.881
167,6.035
168,6.102
169,6.387
170,6.447
171,6.552
172,6.556
173,6.668
174,6.694
175,8.943
176,10.312
177,16.597
178,26.161
179,26.161
180,26.161
181,26.161
182,26.161
183,26.161
184,26.161
185,26.161
186,29.963
187,22.916
188,22.916
189,20.399
190,9.376
191,5.753
192,5.969
193,6.113
194,6.243
195,6.258
196,6.403
197,6.481
198,6.563
199,8.943
200,10.312
201,16.597
202,26.161
203,26.161
204,26.161
205,26.161
206,26.161
207,26.161
208,26.161
209,26.161
210,29.963
211,22.916
212,22.916
213,20.399
214,9.343
215,5.478
216,5.641
217,5.807
218,5.904
219,5.975
220,6.006
221,6.072
222,6.238
223,8.943
224,9.678
225,16.597
226,26.161
227,26.161
228,26.161
229,26.161
230,26.161
231,26.161
232,26.161
233,26.161
234,29.963
235,22.916
236,22.916
237,20.399
238,9.359
239,5.61
240,5.919
241,6.136
242,6.219
243,6.366
244,6.396
245,6.494
246,6.423
247,8.943
248,9.678
249,16.597
250,26.161
251,26.161
252,26.161
253,26.161
254,26.161
255,26.161
256,26.161
257,26.161
258,29.963
259,22.916
260,22.916
261,20.399
262,9.348
263,5.49
264,5.629
265,5.75
266,5.84
267,5.896
268,5.958
269,5.964
270,5.988
271,8.943
272,9.678
273,16.597
274,26.161
275,26.161
276,26.161
277,26.161
278,26.161
279,26.161
280,26.161
281,26.161
282,29.963
283,22.916
284,22.916
285,20.399
286,9.356
287,5.552
288,5.894
289,5.829
290,6.014
291,5.952
292,6.124
293,6.028
294,6.214
295,8.817
296,7.161
297,11.562
298,19.115
299,26.161
300,26.161
301,26.161
302,26.161
303,26.161
304,26.161
305,26.161
306,29.329
307,20.399
308,15.364
309,15.364
310,10.328
311,5.38
312,5.668
313,5.881
314,5.967
315,6.116
316,6.112
317,6.27
318,6.281
319,6.37
320,3.148
321,6.527
322,6.527
323,14.08
324,14.08
325,19.115
326,19.115
327,19.115
328,19.115
329,19.115
330,17.248
331,12.846
332,5.331
333,5.499
334,5.7
335,5.89
336,5.877
337,6.071
338,6.081
339,6.208
340,6.188
341,6.377
342,6.252
343,6.401
344,3.096
345,6.527
346,6.527
347,14.08
348,14.08
349,19.115
350,19.115
351,19.115
352,19.115
353,19.115
354,17.248
355,12.846
356,5.313
357,5.328
358,5.475
359,5.659
360,5.821
361,5.988
362,6.14
363,6.238
364,6.367
365,6.342
366,6.456
367,8.943
368,9.678
369,16.597
370,26.161
371,26.161
372,26.161
373,26.161
374,26.161
375,26.161
376,26.161
377,26.161
378,29.329
379,22.916
380,22.916
381,20.399
382,9.352
383,5.482
384,5.708
385,5.92
386,6.021
387,6.081
388,6.117
389,6.193
390,6.265
391,8.943
392,9.678
393,16.597
394,26.161
395,26.161
396,26.161
397,26.161
398,26.161
399,26.161
400,26.161
401,26.161
402,29.329
403,22.916
404,22.916
405,20.399
406,9.343
407,5.459
408,5.494
409,5.595
410,5.787
411,5.869
412,5.987
413,5.94
414,6.026
415,8.943
416,9.678
417,16.597
418,26.161
419,26.161
420,26.161
421,26.161
422,26.161
423,26.161
424,26.161
425,26.161
426,29.329
427,22.916
428,22.916
429,20.399
430,9.343
431,5.44
432,5.47
433,5.5
434,5.64
435,5.809
436,5.927
437,6.017
438,6.036
439,8.943
440,9.678
441,16.597
442,26.161
443,26.161
444,26.161
445,26.161
446,26.161
447,26.161
448,26.161
449,26.161
450,29.329
451,22.916
452,22.916
453,20.399
454,9.343
455,5.44
456,5.44
457,5.325
458,5.336
459,5.365
460,5.427
461,5.592
462,5.668
463,8.817
464,7.161
465,11.562
466,19.115
467,26.161
468,26.161
469,26.161
470,26.161
471,26.161
472,26.161
473,26.161
474,29.329
475,20.399
476,15.364
477,15.364
478,10.328
479,5.313
480,5.335
481,5.356
482,5.474
483,5.607
484,5.74
485,5.732
486,5.777
487,5.853
488,2.766
489,6.527
490,6.527
491,14.08
492,14.08
493,19.115
494,19.115
495,19.115
496,19.115
497,19.115
498,17.248
499,12.846
500,5.313
501,5.313
502,5.322
503,5.365
504,5.517
505,5.71
506,5.875
507,5.882
508,6.105
509,6.049
510,6.271
511,8.943
512,9.678
513,16.597
514,26.161
515,26.161
516,26.161
517,26.161
518,26.161
519,26.161
520,26.161
521,26.161
522,29.329
523,22.916
524,22.916
525,20.399
526,9.418
527,5.868
528,6.123
529,6.252
530,6.447
531,6.529
532,6.573
533,6.519
534,6.633
535,8.943
536,9.678
537,16.597
538,26.161
539,26.161
540,26.161
541,26.161
542,26.161
543,26.161
544,26.161
545,26.161
546,28.696
547,22.916
548,22.916
549,20.399
550,9.343
551,5.472
552,5.553
553,5.746
554,5.856
555,6.122
556,6.151
557,6.335
558,6.219
559,8.943
560,9.678
561,16.597
562,26.161
563,26.161
564,26.161
565,26.161
566,26.161
567,26.161
568,26.161
569,26.161
570,28.696
571,22.916
572,22.916
573,20.399
574,9.343
575,5.44
576,5.44
577,5.453
578,5.47
579,5.52
580,5.676
581,5.791
582,5.841
583,8.943
584,9.678
585,16.597
586,26.161
587,26.161
588,26.161
589,26.161
590,26.161
591,26.162
592,26.179
593,26.163
594,28.696
595,22.916
596,22.916
597,20.399
598,9.343
599,5.44
600,5.466
601,5.503
602,5.696
603,5.815
604,5.853
605,5.976
606,6.055
607,8.943
608,9.678
609,16.597
610,26.161
611,26.161
612,26.161
613,26.161
614,26.161
615,26.161
616,26.17
617,26.165
618,28.696
619,22.916
620,22.916
621,20.399
622,9.343
623,5.44
624,5.44
625,5.328
626,5.341
627,5.379
628,5.496
629,5.591
630,5.586
631,8.817
632,7.161
633,11.562
634,19.115
635,26.161
636,26.161
637,26.161
638,26.161
639,26.161
640,26.161
641,26.161
642,28.696
643,20.399
644,15.364
645,15.364
646,10.328
647,5.313
648,5.338
649,5.431
650,5.62
651,5.712
652,5.865
653,5.841
654,5.935
655,5.919
656,2.837
657,6.527
658,6.527
659,14.08
660,14.08
661,19.115
662,19.115
663,19.115
664,19.115
665,19.115
666,16.614
667,12.846
668,5.313
669,5.313
670,5.313
671,5.329
672,5.401
673,5.687
674,5.77
675,5.839
676,5.985
677,6.046
678,6.081
679,8.943
680,9.678
681,16.597
682,26.161
683,26.161
684,26.161
685,26.161
686,26.161
687,26.161
688,26.161
689,26.161
690,28.696
691,22.916
692,22.916
693,20.399
694,9.355
695,5.513
696,5.666
697,5.771
698,5.874
699,5.871
700,5.99
701,5.994
702,6.154
703,8.943
704,9.678
705,16.597
706,26.161
707,26.161
708,26.161
709,26.161
710,26.161
711,26.161
712,26.161
713,26.161
714,28.696
715,22.916
716,22.916
717,20.399
718,9.343
719,5.459
720,5.656
721,5.882
722,6.078
723,6.095
724,6.255
725,6.23
726,6.351
727,8.943
728,9.678
729,16.597
730,26.161
731,26.161
732,26.161
733,26.161
734,26.161
735,26.161
736,26.161
737,26.161
738,28.696
739,22.916
740,22.916
741,20.399
742,9.357
743,5.562
744,5.881
745,5.944
746,6.17
747,6.101
748,6.313
749,6.199
750,6.349
751,8.943
752,9.678
753,16.597
754,26.161
755,26.161
756,26.161
757,26.161
758,26.161
759,26.161
760,26.161
761,26.161
762,28.696
763,22.916
764,22.916
765,20.399
766,9.343
767,5.479
768,5.617
769,5.839
770,6.03
771,6.033
772,6.089
773,6.15
774,6.266
775,8.943
776,9.045
777,16.597
778,26.161
779,26.161
780,26.161
781,26.161
782,26.161
783,26.161
784,26.161
785,26.161
786,28.062
787,22.916
788,22.916
789,20.399
790,9.343
791,5.477
792,5.63
793,5.708
794,5.835
795,5.878
796,5.974
797,6.016
798,6.081
799,8.817
800,6.527
801,11.562
802,19.115
803,26.161
804,26.161
805,26.161
806,26.161
807,26.161
808,26.161
809,26.161
810,28.062
811,20.399
812,15.364
813,15.364
814,10.328
815,5.35
816,5.633
817,5.839
818,5.933
819,6.008
820,6.104
821,6.224
822,6.276
823,6.349
824,2.516
825,6.527
826,6.527
827,14.08
828,14.08
829,19.115
830,19.115
831,19.115
832,19.115
833,19.115
834,15.98
835,12.846
836,5.321
837,5.42
838,5.653
839,5.693
840,5.789
841,5.995
842,6.127
843,6.135
844,6.195
845,6.206
846,6.395
847,8.943
848,9.045
849,16.597
850,26.161
851,26.161
852,26.161
853,26.161
854,26.161
855,26.161
856,26.161
857,26.161
858,28.062
859,22.916
860,22.916
861,20.399
862,9.361
863,5.713
864,5.915
865,6.094
866,6.123
867,6.267
868,6.221
869,6.318
870,6.272
871,8.943
872,9.045
873,16.597
874,26.161
875,26.161
876,26.161
877,26.161
878,26.161
879,26.161
880,26.161
881,26.161
882,28.062
883,22.916
884,22.916
885,20.399
886,9.354
887,5.522
888,5.797
889,5.9
890,6.091
891,6.085
892,6.217
893,6.172
894,6.333
895,8.943
896,9.045
897,16.597
898,26.161
899,26.161
900,26.161
901,26.161
902,26.161
903,26.161
904,26.161
905,26.161
906,28.062
907,22.916
908,22.916
909,20.399
910,9.343
911,5.455
912,5.479
913,5.563
914,5.668
915,5.772
916,5.865
917,5.894
918,5.943
919,8.943
920,9.045
921,16.597
922,26.161
923,26.161
924,26.161
925,26.161
926,26.161
927,26.161
928,26.161
929,26.161
930,28.062
931,22.916
932,22.916
933,20.399
934,9.343
935,5.451
936,5.493
937,5.692
938,5.811
939,5.908
940,5.982
941,6.093
942,6.223
943,8.943
944,9.045
945,16.597
946,26.161
947,26.161
948,26.161
949,26.161
950,26.161
951,26.161
952,26.161
953,26.161
954,28.062
955,22.916
956,22.916
957,20.399
958,9.343
959,5.44
960,5.455
961,5.379
962,5.517
963,5.641
964,5.718
965,5.804
966,5.877
967,8.817
968,6.527
969,11.562
970,19.115
971,26.161
972,26.161
973,26.161
974,26.161
975,26.161
976,26.161
977,26.161
978,28.062
979,20.399
980,15.364
981,15.364
982,10.328
983,5.313
984,5.329
985,5.485
986,5.628
987,5.692
988,5.82
989,5.959
990,6.03
991,6.12
992,2.246
993,6.527
994,6.527
995,14.08
996,14.08
997,19.115
998,19.115
999,19.115
1000,19.115
1001,19.115
1002,15.98
1003,12.846
1004,5.313
1005,5.313
1006,5.326
1007,5.355
1008,5.468
1009,5.742
1010,5.803
1011,5.849
1012,5.932
1013,5.98
1014,5.99
1015,8.943
1016,9.045
1017,16.597
1018,26.161
1019,26.161
1020,26.161
1021,26.161
1022,26.161
1023,26.209
1024,26.352
1025,26.276
1026,27.429
1027,22.916
1028,22.916
1029,20.399
1030,9.343
1031,5.44
1032,5.44
1033,5.461
1034,5.497
1035,5.594
1036,5.725
1037,5.808
1038,5.833
1039,8.31
1040,9.045
1041,16.597
1042,26.161
1043,26.161
1044,26.161
1045,26.164
1046,26.372
1047,26.981
1048,27.814
1049,27.865
1050,28.214
1051,22.995
1052,22.916
1053,20.399
1054,9.343
1055,5.44
1056,5.44
1057,5.44
1058,5.47
1059,5.603
1060,5.721
1061,5.778
1062,5.92
1063,8.31
1064,9.045
1065,16.597
1066,26.161
1067,26.161
1068,26.161
1069,26.182
1070,26.543
1071,27.417
1072,28.339
1073,28.354
1074,28.538
1075,23.05
1076,22.916
1077,20.399
1078,9.343
1079,5.44
1080,5.44
1081,5.44
1082,5.44
1083,5.44
1084,5.44
1085,5.44
1086,5.444
1087,8.31
1088,9.045
1089,16.597
1090,26.161
1091,26.161
1092,26.161
1093,26.161
1094,26.161
1095,26.199
1096,26.316
1097,26.277
1098,27.43
1099,22.916
1100,22.916
1101,20.399
1102,9.343
1103,5.44
1104,5.44
1105,5.44
1106,5.467
1107,5.497
1108,5.651
1109,5.645
1110,5.72
1111,8.31
1112,9.045
1113,16.597
1114,26.161
1115,26.161
1116,26.161
1117,26.161
1118,26.161
1119,26.161
1120,26.161
1121,26.161
1122,27.428
1123,22.916
1124,22.916
1125,20.399
1126,9.343
1127,5.475
1128,5.529
1129,5.541
1130,5.589
1131,5.653
1132,5.679
1133,5.706
1134,5.697
1135,8.183
1136,6.527
1137,11.562
1138,19.115
1139,26.161
1140,26.161
1141,26.161
1142,26.161
1143,26.161
1144,26.161
1145,26.161
1146,27.428
1147,20.399
1148,15.364
1149,15.364
1150,10.328
1151,5.313
1152,5.331
1153,5.419
1154,5.606
1155,5.707
1156,5.807
1157,5.879
1158,5.964
1159,5.387
1160,2.182
1161,6.527
1162,6.527
1163,14.08
1164,14.08
1165,19.115
1166,19.115
1167,19.115
1168,19.115
1169,19.115
1170,15.347
1171,12.846
1172,5.313
1173,5.313
1174,5.318
1175,5.341
1176,5.486
1177,5.604
1178,5.709
1179,5.734
1180,5.814
1181,5.79
1182,5.911
1183,5.279
1184,2.126
1185,6.527
1186,6.527
1187,14.08
1188,14.08
1189,19.115
1190,19.115
1191,19.115
1192,19.115
1193,19.115
1194,15.347
1195,12.846
1196,5.313
1197,5.313
1198,5.313
1199,5.313
1200,5.313
1201,5.44
1202,5.445
1203,5.463
1204,5.498
1205,5.533
1206,5.613
1207,8.31
1208,9.045
1209,16.597
1210,26.161
1211,26.161
1212,26.161
1213,26.161
1214,26.161
1215,26.161
1216,26.161
1217,26.161
1218,27.428
1219,22.916
1220,22.916
1221,20.399
1222,9.343
1223,5.44
1224,5.46
1225,5.471
1226,5.509
1227,5.593
1228,5.672
1229,5.74
1230,5.757
1231,8.31
1232,9.045
1233,16.597
1234,26.161
1235,26.161
1236,26.161
1237,26.161
1238,26.161
1239,26.161
1240,26.161
1241,26.161
1242,27.428
1243,22.916
1244,22.916
1245,20.399
1246,9.343
1247,5.455
1248,5.493
1249,5.564
1250,5.715
1251,5.769
1252,5.851
1253,5.855
1254,5.926
1255,7.676
1256,9.045
1257,16.597
1258,26.161
1259,26.161
1260,26.161
1261,26.161
1262,26.161
1263,26.161
1264,26.161
1265,26.161
1266,26.795
1267,22.916
1268,22.916
1269,20.399
1270,9.343
1271,5.445
1272,5.473
1273,5.576
1274,5.729
1275,5.894
1276,5.88
1277,5.965
1278,6.045
1279,7.676
1280,9.045
1281,16.597
1282,26.161
1283,26.161
1284,26.161
1285,26.161
1286,26.161
1287,26.161
1288,26.161
1289,26.161
1290,26.795
1291,22.916
1292,22.916
1293,20.399
1294,9.343
1295,5.467
1296,5.508
1297,5.577
1298,5.663
1299,5.795
1300,5.794
1301,5.916
1302,5.868
1303,7.549
1304,6.527
1305,11.562
1306,19.115
1307,26.161
1308,26.161
1309,26.161
1310,26.161
1311,26.161
1312,26.161
1313,26.161
1314,26.795
1315,20.399
1316,15.364
1317,15.364
1318,10.328
1319,5.318
1320,5.408
1321,5.703
1322,5.772
1323,5.875
1324,5.838
1325,5.936
1326,5.916
1327,4.8
1328,2.148
1329,6.527
1330,6.527
1331,14.08
1332,14.08
1333,19.115
1334,19.115
1335,19.115
1336,19.115
1337,19.115
1338,14.713
1339,12.846
1340,5.313
1341,5.313
1342,5.326
1343,5.359
1344,5.468
1345,5.768
1346,5.855
1347,5.956
1348,6.004
1349,6.074
1350,6.062
1351,7.676
1352,9.045
1353,16.597
1354,26.161
1355,26.161
1356,26.161
1357,26.161
1358,26.161
1359,26.161
1360,26.161
1361,26.161
1362,26.795
1363,22.916
1364,22.916
1365,20.399
1366,9.343
1367,5.44
1368,5.457
1369,5.569
1370,5.702
1371,5.709
1372,5.774
1373,5.832
1374,5.877
1375,7.676
1376,9.045
1377,16.597
1378,26.161
1379,26.161
1380,26.161
1381,26.161
1382,26.161
1383,26.161
1384,26.161
1385,26.161
1386,26.795
1387,22.916
1388,22.916
1389,20.399
1390,9.343
1391,5.44
1392,5.47
1393,5.527
1394,5.745
1395,5.863
1396,5.974
1397,6.063
1398,6.125
1399,7.676
1400,9.045
1401,16.597
1402,26.161
1403,26.161
1404,26.161
1405,26.161
1406,26.161
1407,26.161
1408,26.161
1409,26.161
1410,26.795
1411,22.916
1412,22.916
1413,20.399
1414,9.343
1415,5.44
1416,5.453
1417,5.467
1418,5.493
1419,5.538
1420,5.692
1421,5.764
1422,5.797
1423,7.676
1424,9.045
1425,16.597
1426,26.161
1427,26.161
1428,26.161
1429,26.163
1430,26.358
1431,26.853
1432,27.272
1433,27.193
1434,27.36
1435,23.096
1436,22.916
1437,20.399
1438,9.343
1439,5.44
1440,5.44
1441,5.44
1442,5.445
1443,5.461
1444,5.463
1445,5.579
1446,5.744
1447,7.042
1448,9.045
1449,16.597
1450,26.161
1451,26.161
1452,26.161
1453,26.231
1454,27.188
1455,28.347
1456,28.727
1457,28.448
1458,27.932
1459,23.138
1460,22.916
1461,20.399
1462,9.343
1463,5.44
1464,5.44
1465,5.313
1466,5.346
1467,5.399
1468,5.49
1469,5.542
1470,5.68
1471,6.916
1472,6.527
1473,11.562
1474,19.115
1475,26.161
1476,26.161
1477,26.165
1478,26.27
1479,26.414
1480,26.432
1481,26.264
1482,26.795
1483,20.399
1484,15.364
1485,15.364
1486,10.328
1487,5.313
1488,5.313
1489,5.324
1490,5.376
1491,5.586
1492,5.626
1493,5.751
1494,5.817
1495,4.119
1496,2.018
1497,6.527
1498,6.527
1499,14.08
1500,14.08
1501,19.115
1502,19.115
1503,19.115
1504,19.115
1505,19.115
1506,14.713
1507,12.846
1508,5.313
1509,5.313
1510,5.313
1511,5.359
1512,5.443
1513,5.676
1514,5.727
1515,5.846
1516,5.85
1517,5.862
1518,5.813
1519,7.042
1520,9.045
1521,16.597
1522,26.161
1523,26.161
1524,26.161
1525,26.161
1526,26.209
1527,26.272
1528,26.289
1529,26.19
1530,26.161
1531,22.916
1532,22.916
1533,20.399
1534,9.343
1535,5.44
1536,5.44
1537,5.44
1538,5.44
1539,5.44
1540,5.44
1541,5.44
1542,5.458
1543,7.042
1544,9.045
1545,16.597
1546,26.161
1547,26.161
1548,26.161
1549,26.161
1550,26.162
1551,26.18
1552,26.203
1553,26.166
1554,26.161
1555,22.916
1556,22.916
1557,20.399
1558,9.343
1559,5.44
1560,5.44
1561,5.44
1562,5.445
1563,5.47
1564,5.57
1565,5.727
1566,5.824
1567,7.042
1568,9.045
1569,16.597
1570,26.161
1571,26.161
1572,26.161
1573,26.161
1574,26.161
1575,26.162
1576,26.176
1577,26.181
1578,26.161
1579,22.916
1580,22.916
1581,20.399
1582,9.343
1583,5.44
1584,5.44
1585,5.44
1586,5.44
1587,5.44
1588,5.454
1589,5.461
1590,5.463
1591,7.042
1592,9.045
1593,16.597
1594,26.161
1595,26.161
1596,26.161
1597,26.161
1598,26.161
1599,26.161
1600,26.161
1601,26.161
1602,26.161
1603,22.916
1604,22.916
1605,20.399
1606,9.343
1607,5.44
1608,5.44
1609,5.44
1610,5.447
1611,5.46
1612,5.506
1613,5.521
1614,5.637
1615,7.042
1616,9.045
1617,16.597
1618,26.161
1619,26.161
1620,26.161
1621,26.161
1622,26.161
1623,26.161
1624,26.161
1625,26.161
1626,26.161
1627,22.916
1628,22.916
1629,20.399
1630,9.343
1631,5.44
1632,5.451
1633,5.335
1634,5.355
1635,5.46
1636,5.585
1637,5.648
1638,5.67
1639,6.282
1640,6.527
1641,11.562
1642,19.115
1643,26.161
1644,26.161
1645,26.161
1646,26.161
1647,26.161
1648,26.161
1649,26.161
1650,26.161
1651,20.399
1652,15.364
1653,15.364
1654,10.328
1655,5.313
1656,5.313
1657,5.313
1658,5.328
1659,5.372
1660,5.408
1661,5.528
1662,5.537
1663,3.088
1664,6.527
1665,6.527
1666,14.08
1667,14.08
1668,19.115
1669,19.115
1670,19.115
1671,19.115
1672,19.115
1673,14.08
1674,9.045
1675,5.313
1676,5.313
1677,5.333
1678,5.368
1679,5.451
1680,5.523
1681,5.738
1682,5.762
1683,5.915
1684,5.943
1685,5.998
1686,8.943
1687,10.312
1688,16.597
1689,26.161
1690,26.161
1691,26.161
1692,26.161
1693,26.161
1694,26.161
1695,26.161
1696,26.161
1697,26.161
1698,19.115
1699,22.916
1700,20.399
1701,9.343
1702,5.46
1703,5.564
1704,5.716
1705,5.854
1706,5.879
1707,5.979
1708,5.994
1709,6.052
1710,8.943
1711,10.312
1712,16.597
1713,26.161
1714,26.161
1715,26.161
1716,26.161
1717,26.161
1718,26.161
1719,26.161
1720,26.161
1721,26.161
1722,19.115
1723,22.916
1724,20.399
1725,9.343
1726,5.44
1727,5.446
1728,5.472
1729,5.605
1730,5.736
1731,5.902
1732,6.001
1733,6.121
1734,8.943
1735,10.312
1736,16.597
1737,26.161
1738,26.161
1739,26.161
1740,26.161
1741,26.161
1742,26.161
1743,26.161
1744,26.161
1745,26.161
1746,19.115
1747,22.916
1748,20.399
1749,9.343
1750,5.44
1751,5.44
1752,5.44
1753,5.449
1754,5.47
1755,5.623
1756,5.761
1757,5.89
1758,8.943
1759,10.312
1760,16.597
1761,26.161
1762,26.161
1763,26.161
1764,26.161
1765,26.161
1766,26.161
1767,26.161
1768,26.161
1769,26.161
1770,19.115
1771,22.916
1772,20.399
1773,9.343
1774,5.453
1775,5.498
1776,5.678
1777,5.829
1778,5.914
1779,6.019
1780,6.02
1781,6.139
1782,8.943
1783,10.312
1784,16.597
1785,26.161
1786,26.161
1787,26.161
1788,26.161
1789,26.161
1790,26.161
1791,26.161
1792,26.162
1793,26.161
1794,19.115
1795,22.916
1796,20.399
1797,9.343
1798,5.44
1799,5.44
1800,5.44
1801,5.313
1802,5.313
1803,5.32
1804,5.328
1805,5.368
1806,8.817
1807,7.161
1808,11.562
1809,19.115
1810,26.161
1811,26.161
1812,26.161
1813,26.161
1814,26.161
1815,26.161
1816,26.161
1817,26.161
1818,16.597
1819,14.73
1820,15.364
1821,10.328
1822,5.313
1823,5.319
1824,5.356
1825,5.442
1826,5.614
1827,5.734
1828,5.775
1829,5.763
1830,5.809
1831,2.616
1832,6.527
1833,6.527
1834,14.08
1835,14.08
1836,19.115
1837,19.115
1838,19.115
1839,19.115
1840,19.115
1841,14.08
1842,9.045
1843,4.68
1844,5.313
1845,5.313
1846,5.313
1847,5.313
1848,5.322
1849,5.481
1850,5.58
1851,5.696
1852,5.766
1853,5.805
1854,8.943
1855,9.678
1856,16.597
1857,26.161
1858,26.161
1859,26.161
1860,26.161
1861,26.161
1862,26.21
1863,26.569
1864,26.873
1865,26.814
1866,19.429
1867,22.345
1868,20.399
1869,9.343
1870,5.44
1871,5.44
1872,5.44
1873,5.44
1874,5.44
1875,5.44
1876,5.44
1877,5.44
1878,8.943
1879,9.678
1880,16.597
1881,26.161
1882,26.161
1883,26.161
1884,26.161
1885,26.309
1886,26.726
1887,27.108
1888,27.143
1889,27.128
1890,19.689
1891,22.439
1892,20.399
1893,9.343
1894,5.44
1895,5.44
1896,5.44
1897,5.44
1898,5.44
1899,5.44
1900,5.44
1901,5.455
1902,8.943
1903,9.678
1904,16.597
1905,26.161
1906,26.161
1907,26.161
1908,26.161
1909,26.162
1910,26.255
1911,26.525
1912,26.538
1913,26.315
1914,19.14
1915,22.283
1916,20.399
1917,9.343
1918,5.44
1919,5.44
1920,5.44
1921,5.44
1922,5.453
1923,5.468
1924,5.507
1925,5.676
1926,8.943
1927,9.678
1928,16.597
1929,26.161
1930,26.161
1931,26.161
1932,26.161
1933,26.161
1934,26.18
1935,26.246
1936,26.27
1937,26.201
1938,19.115
1939,22.283
1940,20.399
1941,9.343
1942,5.44
1943,5.44
1944,5.44
1945,5.465
1946,5.467
1947,5.584
1948,5.709
1949,5.867
1950,8.943
1951,9.678
1952,16.597
1953,26.161
1954,26.161
1955,26.161
1956,26.161
1957,26.161
1958,26.161
1959,26.161
1960,26.161
1961,26.161
1962,19.115
1963,22.283
1964,20.399
1965,9.343
1966,5.457
1967,5.502
1968,5.619
1969,5.672
1970,5.825
1971,5.959
1972,6.031
1973,6.186
1974,8.817
1975,6.527
1976,11.562
1977,19.115
1978,26.161
1979,26.161
1980,26.161
1981,26.161
1982,26.161
1983,26.161
1984,26.164
1985,26.161
1986,16.597
1987,14.73
1988,15.364
1989,10.328
1990,5.313
1991,5.313
1992,5.313
1993,5.325
1994,5.364
1995,5.457
1996,5.598
1997,5.622
1998,5.755
1999,1.914
2000,6.527
2001,6.527
2002,14.08
2003,14.08
2004,19.115
2005,19.115
2006,19.115
2007,19.337
2008,19.73
2009,14.277
2010,9.045
2011,4.68
2012,5.313
2013,5.313
2014,5.313
2015,5.313
2016,5.313
2017,5.44
2018,5.44
2019,5.44
2020,5.44
2021,5.44
2022,8.943
2023,9.045
2024,16.597
2025,26.161
2026,26.161
2027,26.161
2028,26.161
2029,26.161
2030,26.161
2031,26.161
2032,26.161
2033,26.161
2034,19.115
2035,22.283
2036,20.399
2037,9.343
2038,5.457
2039,5.546
2040,5.782
2041,5.875
2042,5.952
2043,5.965
2044,6.035
2045,6.055
2046,8.943
2047,9.045
2048,16.597
2049,26.161
2050,26.161
2051,26.161
2052,26.161
2053,26.161
2054,26.161
2055,26.161
2056,26.161
2057,26.161
2058,19.115
2059,22.283
2060,20.399
2061,9.35
2062,5.558
2063,5.815
2064,5.942
2065,6.024
2066,6.05
2067,6.122
2068,6.143
2069,6.202
2070,8.943
2071,9.045
2072,16.597
2073,26.161
2074,26.161
2075,26.161
2076,26.161
2077,26.161
2078,26.161
2079,26.161
2080,26.161
2081,26.161
2082,19.115
2083,22.283
2084,20.399
2085,9.343
2086,5.458
2087,5.541
2088,5.683
2089,5.842
2090,5.979
2091,6.075
2092,6.129
2093,6.196
2094,8.943
2095,9.045
2096,16.597
2097,26.161
2098,26.161
2099,26.161
2100,26.161
2101,26.161
2102,26.161
2103,26.161
2104,26.161
2105,26.161
2106,19.115
2107,21.649
2108,20.399
2109,9.343
2110,5.458
2111,5.559
2112,5.787
2113,5.886
2114,6.033
2115,6.186
2116,6.407
2117,6.347
2118,8.943
2119,9.045
2120,16.597
2121,26.161
2122,26.161
2123,26.161
2124,26.161
2125,26.161
2126,26.161
2127,26.161
2128,26.161
2129,26.161
2130,19.115
2131,21.649
2132,20.399
2133,9.343
2134,5.44
2135,5.455
2136,5.525
2137,5.626
2138,5.791
2139,5.851
2140,6.006
2141,6.028
2142,8.817
2143,6.527
2144,11.562
2145,19.115
2146,26.161
2147,26.161
2148,26.161
2149,26.161
2150,26.162
2151,26.201
2152,26.278
2153,26.185
2154,16.597
2155,14.096
2156,15.364
2157,10.328
2158,5.313
2159,5.313
2160,5.313
2161,5.313
2162,5.313
2163,5.313
2164,5.313
2165,5.313
2166,4.68
2167,1.512
2168,6.527
2169,6.527
2170,14.08
2171,14.08
2172,19.115
2173,19.115
2174,19.116
2175,19.329
2176,19.684
2177,14.54
2178,9.124
2179,4.046
2180,5.313
2181,5.313
2182,5.313
2183,5.313
2184,5.313
2185,5.44
2186,5.44
2187,5.44
2188,5.44
2189,5.44
2190,8.31
2191,9.045
2192,16.597
2193,26.161
2194,26.161
2195,26.161
2196,26.196
2197,26.507
2198,27.245
2199,27.389
2200,26.856
2201,26.524
2202,19.137
2203,21.649
2204,20.399
2205,9.343
2206,5.44
2207,5.44
2208,5.44
2209,5.44
2210,5.44
2211,5.44
2212,5.44
2213,5.44
2214,8.31
2215,9.045
2216,16.597
2217,26.161
2218,26.161
2219,26.161
2220,26.161
2221,26.161
2222,26.216
2223,26.428
2224,26.574
2225,26.679
2226,19.435
2227,21.785
2228,20.399
2229,9.343
2230,5.44
2231,5.44
2232,5.44
2233,5.44
2234,5.44
2235,5.44
2236,5.44
2237,5.44
2238,8.31
2239,9.045
2240,16.597
2241,26.161
2242,26.161
2243,26.161
2244,26.161
2245,26.161
2246,26.161
2247,26.161
2248,26.161
2249,26.161
2250,19.115
2251,21.649
2252,20.399
2253,9.343
2254,5.44
2255,5.44
2256,5.453
2257,5.467
2258,5.537
2259,5.655
2260,5.728
2261,5.802
2262,8.31
2263,9.045
2264,16.597
2265,26.161
2266,26.161
2267,26.161
2268,26.161
2269,26.161
2270,26.161
2271,26.161
2272,26.161
2273,26.161
2274,19.115
2275,21.649
2276,20.399
2277,9.343
2278,5.44
2279,5.44
2280,5.44
2281,5.448
2282,5.463
2283,5.548
2284,5.654
2285,5.782
2286,8.31
2287,9.045
2288,16.597
2289,26.161
2290,26.161
2291,26.161
2292,26.161
2293,26.161
2294,26.161
2295,26.174
2296,26.184
2297,26.165
2298,19.115
2299,21.649
2300,20.399
2301,9.343
2302,5.44
2303,5.44
2304,5.44
2305,5.313
2306,5.313
2307,5.313
2308,5.313
2309,5.313
2310,8.183
2311,6.527
2312,11.562
2313,19.115
2314,26.161
2315,26.161
2316,26.206
2317,26.354
2318,26.505
2319,26.571
2320,26.539
2321,26.366
2322,16.597
2323,14.096
2324,15.364
2325,10.328
2326,5.313
2327,5.313
2328,5.313
2329,5.313
2330,5.313
2331,5.336
2332,5.346
2333,5.406
2334,4.149
2335,1.607
2336,6.527
2337,6.527
2338,14.08
2339,14.08
2340,19.115
2341,19.115
2342,19.115
2343,19.115
2344,19.128
2345,14.08
2346,9.045
2347,4.046
2348,5.313
2349,5.313
2350,5.313
2351,5.313
2352,5.313
2353,5.44
2354,5.44
2355,5.44
2356,5.44
2357,5.44
2358,7.676
2359,9.045
2360,16.597
2361,26.161
2362,26.161
2363,26.161
2364,26.161
2365,26.161
2366,26.161
2367,26.161
2368,26.161
2369,26.161
2370,19.115
2371,21.649
2372,20.399
2373,9.343
2374,5.44
2375,5.44
2376,5.44
2377,5.452
2378,5.464
2379,5.495
2380,5.585
2381,5.661
2382,7.676
2383,9.045
2384,16.597
2385,26.161
2386,26.161
2387,26.161
2388,26.161
2389,26.161
2390,26.161
2391,26.161
2392,26.161
2393,26.161
2394,19.115
2395,21.649
2396,20.399
2397,9.343
2398,5.44
2399,5.467
2400,5.533
2401,5.663
2402,5.727
2403,5.843
2404,5.915
2405,6.061
2406,7.676
2407,9.045
2408,16.597
2409,26.161
2410,26.161
2411,26.161
2412,26.161
2413,26.161
2414,26.161
2415,26.161
2416,26.161
2417,26.161
2418,19.115
2419,21.016
2420,20.399
2421,9.343
2422,5.44
2423,5.44
2424,5.445
2425,5.466
2426,5.488
2427,5.59
2428,5.737
2429,5.804
2430,7.676
2431,9.045
2432,16.597
2433,26.161
2434,26.161
2435,26.161
2436,26.161
2437,26.161
2438,26.172
2439,26.212
2440,26.164
2441,26.161
2442,19.115
2443,21.016
2444,20.399
2445,9.343
2446,5.44
2447,5.44
2448,5.44
2449,5.44
2450,5.44
2451,5.44
2452,5.44
2453,5.44
2454,7.676
2455,9.045
2456,16.597
2457,26.161
2458,26.161
2459,26.161
2460,26.161
2461,26.161
2462,26.208
2463,26.4
2464,26.485
2465,26.459
2466,19.184
2467,21.016
2468,20.399
2469,9.343
2470,5.44
2471,5.44
2472,5.44
2473,5.313
2474,5.313
2475,5.313
2476,5.313
2477,5.313
2478,7.549
2479,6.527
2480,11.562
2481,19.115
2482,26.161
2483,26.161
2484,26.161
2485,26.162
2486,26.233
2487,26.303
2488,26.309
2489,26.234
2490,16.597
2491,13.463
2492,15.364
2493,10.328
2494,5.313
2495,5.313
2496,5.313
2497,5.313
2498,5.326
2499,5.368
2500,5.471
2501,5.651
2502,3.763
2503,1.819
2504,6.527
2505,6.527
2506,14.08
2507,14.08
2508,19.115
2509,19.115
2510,19.115
2511,19.115
2512,19.115
2513,14.08
2514,9.045
2515,3.413
2516,5.313
2517,5.313
2518,5.313
2519,5.313
2520,5.313
2521,5.44
2522,5.44
2523,5.447
2524,5.458
2525,5.495
2526,7.042
2527,9.045
2528,16.597
2529,26.161
2530,26.161
2531,26.161
2532,26.227
2533,27.137
2534,28.606
2535,29.533
2536,29.679
2537,29.613
2538,21.551
2539,22.042
2540,20.709
2541,9.343
2542,5.44
2543,5.44
2544,5.44
2545,5.44
2546,5.44
2547,5.44
2548,5.44
2549,5.44
2550,7.042
2551,9.045
2552,16.597
2553,26.161
2554,26.161
2555,26.255
2556,27.459
2557,28.919
2558,29.929
2559,30.483
2560,30.393
2561,30.083
2562,21.983
2563,22.648
2564,21.03
2565,9.343
2566,5.44
2567,5.44
2568,5.44
2569,5.44
2570,5.44
2571,5.44
2572,5.44
2573,5.44
2574,7.042
2575,9.045
2576,16.597
2577,26.161
2578,26.161
2579,26.173
2580,26.786
2581,28.112
2582,29.345
2583,29.655
2584,29.128
2585,28.38
2586,20.138
2587,21.339
2588,20.411
2589,9.343
2590,5.44
2591,5.44
2592,5.44
2593,5.44
2594,5.44
2595,5.44
2596,5.447
2597,5.456
2598,7.042
2599,9.045
2600,16.597
2601,26.161
2602,26.161
2603,26.161
2604,26.195
2605,27.187
2606,29.096
2607,30.157
2608,30.463
2609,30.557
2610,22.549
2611,23.042
2612,21.221
2613,9.343
2614,5.44
2615,5.44
2616,5.44
2617,5.44
2618,5.44
2619,5.44
2620,5.44
2621,5.44
2622,7.042
2623,9.045
2624,16.597
2625,26.161
2626,26.161
2627,26.504
2628,28.139
2629,29.401
2630,30.313
2631,31.125
2632,31.504
2633,31.637
2634,23.355
2635,23.516
2636,21.401
2637,9.343
2638,5.44
2639,5.44
2640,5.44
2641,5.313
2642,5.313
2643,5.313
2644,5.313
2645,5.313
2646,6.916
2647,6.527
2648,11.562
2649,19.115
2650,26.161
2651,26.739
2652,28.714
2653,30.012
2654,31.161
2655,31.951
2656,32.383
2657,32.456
2658,20.746
2659,15.481
2660,15.927
2661,10.328
2662,5.313
2663,5.313
2664,5.313
2665,5.313
2666,5.313
2667,5.313
2668,5.313
2669,5.313
2670,3.413
2671,1.512
2672,6.527
2673,6.527
2674,14.08
2675,14.08
2676,19.968
2677,21.988
2678,23.708
2679,24.275
2680,23.832
2681,18.066
2682,11.516
2683,3.413
2684,5.313
2685,5.313
2686,5.313
2687,5.313
2688,5.313
2689,5.44
2690,5.44
2691,5.44
2692,5.44
2693,5.44
2694,6.409
2695,9.045
2696,16.597
2697,26.161
2698,26.161
2699,27.172
2700,28.877
2701,29.765
2702,30.503
2703,30.92
2704,30.782
2705,30.354
2706,22.094
2707,22.015
2708,20.976
2709,9.343
2710,5.44
2711,5.44
2712,5.44
2713,5.44
2714,5.44
2715,5.44
2716,5.44
2717,5.44
2718,6.409
2719,9.045
2720,16.597
2721,26.161
2722,26.161
2723,26.161
2724,26.161
2725,26.253
2726,26.755
2727,27.304
2728,27.363
2729,27.308
2730,19.906
2731,20.82
2732,20.497
2733,9.343
2734,5.44
2735,5.44
2736,5.44
2737,5.44
2738,5.44
2739,5.44
2740,5.44
2741,5.44
2742,6.409
2743,9.045
2744,16.597
2745,26.161
2746,26.161
2747,26.161
2748,26.161
2749,26.161
2750,26.161
2751,26.161
2752,26.161
2753,26.161
2754,19.115
2755,20.382
2756,20.399
2757,9.343
2758,5.44
2759,5.44
2760,5.44
2761,5.44
2762,5.44
2763,5.451
2764,5.462
2765,5.504
2766,6.409
2767,9.045
2768,16.597
2769,26.161
2770,26.161
2771,26.161
2772,26.161
2773,26.161
2774,26.161
2775,26.161
2776,26.161
2777,26.161
2778,19.115
2779,20.382
2780,20.399
2781,9.343
2782,5.44
2783,5.452
2784,5.463
2785,5.487
2786,5.518
2787,5.599
2788,5.65
2789,5.7
2790,6.409
2791,9.045
2792,16.597
2793,26.161
2794,26.161
2795,26.161
2796,26.161
2797,26.161
2798,26.161
2799,26.161
2800,26.161
2801,26.161
2802,19.115
2803,20.382
2804,20.399
2805,9.343
2806,5.44
2807,5.44
2808,5.444
2809,5.333
2810,5.335
2811,5.358
2812,5.394
2813,5.512
2814,6.282
2815,6.527
2816,11.562
2817,19.115
2818,26.161
2819,26.161
2820,26.161
2821,26.161
2822,26.161
2823,26.161
2824,26.161
2825,26.161
2826,16.597
2827,12.829
2828,15.364
2829,10.328
2830,5.313
2831,5.313
2832,5.313
2833,5.313
2834,5.313
2835,5.313
2836,5.331
2837,5.351
2838,2.833
2839,1.542
2840,6.527
2841,6.527
2842,14.08
2843,14.08
2844,19.115
2845,19.115
2846,19.115
2847,19.115
2848,19.115
2849,14.08
2850,9.045
2851,2.779
2852,5.313
2853,5.313
2854,5.313
2855,5.313
2856,5.313
2857,5.44
2858,5.44
2859,5.44
2860,5.447
2861,5.458
2862,6.409
2863,9.045
2864,16.597
2865,26.161
2866,26.161
2867,26.161
2868,26.208
2869,26.8
2870,27.887
2871,28.931
2872,29.531
2873,29.835
2874,21.863
2875,21.567
2876,20.705
2877,9.343
2878,5.44
2879,5.44
2880,5.44
2881,5.44
2882,5.44
2883,5.44
2884,5.44
2885,5.44
2886,6.409
2887,9.045
2888,16.597
2889,26.161
2890,26.175
2891,27.146
2892,29.08
2893,30.667
2894,31.567
2895,32.155
2896,32.495
2897,32.332
2898,23.872
2899,23.177
2900,21.505
2901,9.343
2902,5.44
2903,5.44
2904,5.44
2905,5.44
2906,5.44
2907,5.44
2908,5.44
2909,5.44
2910,5.775
2911,9.045
2912,16.597
2913,26.161
2914,26.161
2915,26.212
2916,27.129
2917,28.932
2918,30.719
2919,31.813
2920,32.148
2921,32.2
2922,24.468
2923,24.263
2924,22.721
2925,9.343
2926,5.44
2927,5.44
2928,5.44
2929,5.44
2930,5.44
2931,5.44
2932,5.44
2933,5.44
2934,5.775
2935,9.045
2936,16.597
2937,26.161
2938,26.237
2939,27.892
2940,29.741
2941,31.134
2942,32.141
2943,32.947
2944,33.225
2945,33.09
2946,25.022
2947,24.563
2948,23.226
2949,9.343
2950,5.44
2951,5.44
2952,5.44
2953,5.44
2954,5.44
2955,5.44
2956,5.44
2957,5.44
2958,5.775
2959,9.045
2960,16.597
2961,26.161
2962,26.161
2963,26.161
2964,26.276
2965,26.961
2966,28.036
2967,29.702
2968,30.356
2969,30.262
2970,22.626
2971,22.587
2972,21.271
2973,9.343
2974,5.44
2975,5.44
2976,5.44
2977,5.313
2978,5.313
2979,5.313
2980,5.313
2981,5.313
2982,5.649
2983,6.527
2984,11.562
2985,19.115
2986,26.161
2987,26.161
2988,26.161
2989,26.253
2990,26.63
2991,26.686
2992,26.513
2993,26.295
2994,16.597
2995,12.829
2996,15.364
2997,10.328
2998,5.313
2999,5.313
3000,5.313
3001,5.313
3002,5.313
3003,5.313
3004,5.313
3005,5.326
3006,2.194
3007,1.536
3008,6.527
3009,6.527
3010,14.08
3011,14.08
3012,19.115
3013,19.115
3014,19.115
3015,19.371
3016,19.93
3017,14.664
3018,9.451
3019,2.146
3020,5.313
3021,5.313
3022,5.313
3023,5.313
3024,5.313
3025,5.44
3026,5.44
3027,5.44
3028,5.44
3029,5.44
3030,5.775
3031,9.045
3032,16.597
3033,26.161
3034,26.161
3035,26.161
3036,26.189
3037,26.291
3038,26.378
3039,26.509
3040,26.514
3041,26.398
3042,19.123
3043,19.748
3044,20.399
3045,9.343
3046,5.44
3047,5.44
3048,5.44
3049,5.44
3050,5.44
3051,5.44
3052,5.44
3053,5.454
3054,5.775
3055,9.045
3056,16.597
3057,26.161
3058,26.161
3059,26.161
3060,26.161
3061,26.214
3062,26.488
3063,26.711
3064,27.208
3065,27.551
3066,20.236
3067,20.431
3068,20.613
3069,9.343
3070,5.44
3071,5.44
3072,5.44
3073,5.44
3074,5.44
3075,5.44
3076,5.44
3077,5.44
3078,5.775
3079,9.045
3080,16.597
3081,26.161
3082,26.161
3083,26.175
3084,26.526
3085,28.006
3086,29.412
3087,30.449
3088,31.064
3089,30.994
3090,23.353
3091,22.763
3092,21.963
3093,9.343
3094,5.44
3095,5.44
3096,5.44
3097,5.44
3098,5.44
3099,5.44
3100,5.44
3101,5.44
3102,5.775
3103,9.045
3104,16.597
3105,26.161
3106,26.357
3107,28.335
3108,30.376
3109,31.93
3110,32.89
3111,33.788
3112,34.187
3113,33.99
3114,25.971
3115,24.979
3116,24.218
3117,9.343
3118,5.44
3119,5.44
3120,5.44
3121,5.44
3122,5.44
3123,5.44
3124,5.44
3125,5.44
3126,5.775
3127,9.045
3128,16.597
3129,26.743
3130,28.74
3131,30.403
3132,30.619
3133,31.15
3134,32.334
3135,33.388
3136,33.423
3137,33.064
3138,24.948
3139,24.342
3140,23.664
3141,9.343
3142,5.44
3143,5.44
3144,5.44
3145,5.313
3146,5.313
3147,5.313
3148,5.313
3149,5.313
3150,5.649
3151,6.527
3152,11.562
3153,19.115
3154,27.474
3155,29.497
3156,30.849
3157,32.309
3158,33.33
3159,33.735
3160,33.54
3161,32.932
3162,21.318
3163,14.931
3164,16.619
3165,10.43
3166,5.313
3167,5.313
3168,5.313
3169,5.313
3170,5.313
3171,5.313
3172,5.313
3173,5.313
3174,1.512
3175,1.512
3176,6.527
3177,6.527
3178,14.08
3179,14.08
3180,19.115
3181,19.115
3182,19.115
3183,19.115
3184,19.115
3185,14.08
3186,9.045
3187,2.146
3188,5.313
3189,5.313
3190,5.313
3191,5.313
3192,5.313
3193,5.44
3194,5.44
3195,5.44
3196,5.44
3197,5.444
3198,5.142
3199,9.045
3200,16.597
3201,26.161
3202,26.161
3203,26.161
3204,26.193
3205,26.537
3206,27.247
3207,28.373
3208,28.929
3209,28.884
3210,21.462
3211,21.202
3212,20.936
3213,9.343
3214,5.44
3215,5.44
3216,5.44
3217,5.44
3218,5.44
3219,5.44
3220,5.44
3221,5.44
3222,5.142
3223,9.045
3224,16.597
3225,26.161
3226,26.161
3227,26.425
3228,27.59
3229,28.653
3230,30.047
3231,31.338
3232,31.945
3233,31.886
3234,23.75
3235,23.213
3236,22.392
3237,9.343
3238,5.44
3239,5.44
3240,5.44
3241,5.44
3242,5.44
3243,5.44
3244,5.44
3245,5.44
3246,5.142
3247,9.045
3248,16.597
3249,26.161
3250,26.25
3251,27.685
3252,29.31
3253,30.381
3254,31.641
3255,32.696
3256,33.046
3257,33.082
3258,25.303
3259,24.394
3260,23.234
3261,9.343
3262,5.44
3263,5.44
3264,5.44
3265,5.44
3266,5.44
3267,5.44
3268,5.44
3269,5.44
3270,5.142
3271,9.045
3272,16.597
3273,26.162
3274,26.437
3275,28.004
3276,29.347
3277,30.659
3278,31.18
3279,31.866
3280,32.663
3281,32.378
3282,24.157
3283,23.213
3284,22.071
3285,9.343
3286,5.44
3287,5.44
3288,5.44
3289,5.44
3290,5.44
3291,5.44
3292,5.44
3293,5.44
3294,5.142
3295,9.045
3296,16.597
3297,26.161
3298,26.742
3299,29.042
3300,30.657
3301,32.213
3302,32.862
3303,32.984
3304,33.277
3305,33.317
3306,25.095
3307,24.293
3308,23.518
3309,9.343
3310,5.44
3311,5.44
3312,5.44
3313,5.313
3314,5.313
3315,5.313
3316,5.313
3317,5.313
3318,5.015
3319,6.527
3320,11.562
3321,19.115
3322,26.684
3323,28.867
3324,30.63
3325,32.305
3326,33.593
3327,34.545
3328,34.306
3329,33.617
3330,22.438
3331,15.694
3332,18.009
3333,11.093
3334,5.313
3335,5.313
3336,5.313
3337,5.313
3338,5.313
3339,5.313
3340,5.313
3341,5.313
3342,1.512
3343,1.512
3344,6.527
3345,6.527
3346,14.479
3347,15.969
3348,23.037
3349,24.366
3350,25.056
3351,25.725
3352,25.867
3353,20.925
3354,14.472
3355,1.512
3356,5.313
3357,5.313
3358,5.313
3359,5.313
3360,5.313
3361,5.44
3362,5.44
3363,5.44
3364,5.44
3365,5.44
3366,5.142
3367,9.045
3368,16.597
3369,26.161
3370,26.168
3371,27.052
3372,29.131
3373,30.458
3374,31.316
3375,32.478
3376,32.918
3377,32.717
3378,25.101
3379,24.046
3380,24.021
3381,9.343
3382,5.44
3383,5.44
3384,5.44
3385,5.44
3386,5.44
3387,5.44
3388,5.44
3389,5.44
3390,5.142
3391,9.045
3392,16.597
3393,26.161
3394,26.29
3395,28.397
3396,29.65
3397,30.661
3398,31.845
3399,32.652
3400,33.027
3401,32.954
3402,25.293
3403,23.925
3404,23.398
3405,9.343
3406,5.44
3407,5.44
3408,5.44
3409,5.44
3410,5.44
3411,5.44
3412,5.44
3413,5.44
3414,5.142
3415,9.045
3416,16.597
3417,26.161
3418,26.267
3419,27.474
3420,28.967
3421,30.264
3422,31.428
3423,32.347
3424,32.699
3425,32.557
3426,24.669
3427,22.894
3428,22.698
3429,9.343
3430,5.44
3431,5.44
3432,5.44
3433,5.44
3434,5.44
3435,5.44
3436,5.44
3437,5.44
3438,5.142
3439,9.045
3440,16.597
3441,26.161
3442,26.513
3443,28.463
3444,29.685
3445,30.783
3446,32.009
3447,30.408
3448,28.03
3449,26.863
3450,19.581
3451,19.495
3452,20.491
3453,9.343
3454,5.44
3455,5.44
3456,5.44
3457,5.44
3458,5.44
3459,5.44
3460,5.44
3461,5.44
3462,5.142
3463,9.045
3464,16.597
3465,26.161
3466,26.176
3467,27.128
3468,29.073
3469,30.719
3470,32.032
3471,32.343
3472,31.944
3473,31.523
3474,23.006
3475,21.42
3476,21.545
3477,9.343
3478,5.44
3479,5.44
3480,5.44
3481,5.313
3482,5.313
3483,5.313
3484,5.313
3485,5.313
3486,5.015
3487,6.527
3488,11.562
3489,19.115
3490,26.161
3491,26.257
3492,26.858
3493,28.064
3494,29.292
3495,30.215
3496,30.587
3497,29.703
3498,18.628
3499,12.857
3500,15.94
3501,10.36
3502,5.313
3503,5.313
3504,5.313
3505,5.313
3506,5.313
3507,5.313
3508,5.313
3509,5.313
3510,1.512
3511,1.512
3512,6.527
3513,6.527
3514,14.08
3515,14.094
3516,20.579
3517,21.837
3518,22.923
3519,23.774
3520,22.796
3521,16.112
3522,10.007
3523,1.512
3524,5.313
3525,5.313
3526,5.313
3527,5.313
3528,5.313
3529,5.313
3530,5.313
3531,5.313
3532,5.313
3533,4.68
3534,1.512
3535,1.512
3536,6.527
3537,6.527
3538,14.08
3539,14.311
3540,21.279
3541,22.585
3542,23.431
3543,24.315
3544,24.858
3545,19.858
3546,14.009
3547,1.512
3548,5.313
3549,5.313
3550,5.313
3551,5.313
3552,5.313
3553,5.44
3554,5.44
3555,5.44
3556,5.44
3557,4.806
3558,5.142
3559,9.045
3560,16.597
3561,26.163
3562,27.353
3563,29.191
3564,30.566
3565,32.179
3566,33.129
3567,33.652
3568,33.723
3569,33.474
3570,25.537
3571,24.403
3572,24.477
3573,9.343
3574,5.44
3575,5.44
3576,5.44
3577,5.44
3578,5.44
3579,5.44
3580,5.44
3581,4.806
3582,5.142
3583,9.045
3584,16.597
3585,27.13
3586,29.247
3587,30.793
3588,31.728
3589,32.721
3590,34.188
3591,34.287
3592,33.632
3593,33.546
3594,25.761
3595,24.67
3596,24.236
3597,9.343
3598,5.44
3599,5.44
3600,5.44
3601,5.44
3602,5.44
3603,5.44
3604,5.44
3605,4.806
3606,5.142
3607,9.045
3608,16.597
3609,26.675
3610,28.361
3611,29.786
3612,31.163
3613,32.9
3614,33.688
3615,34.761
3616,35.544
3617,35.534
3618,27.089
3619,24.767
3620,23.599
3621,9.343
3622,5.44
3623,5.44
3624,5.44
3625,5.44
3626,5.44
3627,5.44
3628,5.44
3629,4.806
3630,5.142
3631,9.045
3632,16.597
3633,26.161
3634,26.528
3635,28.492
3636,30.125
3637,31.414
3638,32.789
3639,33.98
3640,34.564
3641,34.929
3642,26.927
3643,25.42
3644,25.306
3645,9.343
3646,5.44
3647,5.44
3648,5.44
3649,5.313
3650,5.313
3651,5.313
3652,5.313
3653,4.68
3654,5.015
3655,6.527
3656,11.562
3657,19.354
3658,28.784
3659,30.868
3660,32.508
3661,33.957
3662,35.429
3663,36.216
3664,36.33
3665,35.972
3666,24.2
3667,17.176
3668,18.896
3669,12.627
3670,5.313
3671,5.313
3672,5.313
3673,5.313
3674,5.313
3675,5.313
3676,5.313
3677,4.68
3678,1.512
3679,1.512
3680,6.527
3681,6.527
3682,14.597
3683,16.487
3684,23.434
3685,24.382
3686,25.27
3687,25.252
3688,24.608
3689,18.323
3690,11.44
3691,1.512
3692,4.68
3693,5.313
3694,5.313
3695,5.313
3696,5.313
3697,5.44
3698,5.44
3699,5.44
3700,5.44
3701,4.806
3702,5.142
3703,9.045
3704,16.597
3705,26.215
3706,27.783
3707,30.078
3708,31.394
3709,32.443
3710,33.52
3711,33.979
3712,33.601
3713,32.935
3714,24.695
3715,23.486
3716,23.1
3717,9.343
3718,5.44
3719,5.44
3720,5.44
3721,5.44
3722,5.44
3723,5.44
3724,5.44
3725,4.806
3726,5.142
3727,9.045
3728,16.597
3729,26.75
3730,28.648
3731,30.34
3732,31.496
3733,32.38
3734,33.177
3735,33.727
3736,33.712
3737,33.462
3738,25.238
3739,23.828
3740,23.217
3741,9.343
3742,5.44
3743,5.44
3744,5.44
3745,5.44
3746,5.44
3747,5.44
3748,5.44
3749,4.806
3750,5.142
3751,9.045
3752,16.597
3753,27.357
3754,29.056
3755,30.527
3756,31.414
3757,31.9
3758,32.287
3759,32.664
3760,32.547
3761,32.222
3762,23.582
3763,21.735
3764,20.646
3765,9.343
3766,5.44
3767,5.44
3768,5.44
3769,5.44
3770,5.44
3771,5.44
3772,5.44
3773,4.806
3774,5.142
3775,9.045
3776,16.597
3777,26.161
3778,26.161
3779,26.203
3780,26.517
3781,27.226
3782,28.331
3783,28.896
3784,28.673
3785,28.125
3786,20.199
3787,19.751
3788,20.142
3789,9.343
3790,5.44
3791,5.44
3792,5.44
3793,5.44
3794,5.44
3795,5.44
3796,5.44
3797,4.806
3798,5.142
3799,9.045
3800,16.597
3801,26.172
3802,26.673
3803,28.488
3804,29.487
3805,29.96
3806,30.297
3807,30.859
3808,31.254
3809,31.306
3810,23.293
3811,22.069
3812,21.626
3813,9.343
3814,5.44
3815,5.44
3816,5.44
3817,5.313
3818,5.313
3819,5.313
3820,5.313
3821,4.68
3822,5.015
3823,6.527
3824,11.562
3825,19.115
3826,26.475
3827,28.267
3828,29.91
3829,31.173
3830,32.32
3831,33.113
3832,33.557
3833,33.682
3834,22.36
3835,15.682
3836,17.663
3837,12.078
3838,5.313
3839,5.313
3840,5.313
3841,5.313
3842,5.313
3843,5.313
3844,5.313
3845,4.68
3846,1.512
3847,1.512
3848,6.527
3849,6.527
3850,14.816
3851,16.793
3852,23.755
3853,24.828
3854,25.835
3855,26.479
3856,26.944
3857,22.632
3858,16.148
3859,1.512
3860,4.68
3861,5.313
3862,5.313
3863,5.313
3864,5.313
3865,5.44
3866,5.44
3867,5.44
3868,5.44
3869,4.806
3870,5.142
3871,9.045
3872,16.615
3873,28
3874,29.688
3875,31.166
3876,32.398
3877,33.64
3878,34.854
3879,35.221
3880,34.437
3881,33.128
3882,24.479
3883,23.191
3884,22.705
3885,9.343
3886,5.44
3887,5.44
3888,5.44
3889,5.44
3890,5.44
3891,5.44
3892,5.44
3893,4.806
3894,5.142
3895,9.045
3896,16.597
3897,26.285
3898,26.705
3899,27.404
3900,27.701
3901,27.766
3902,27.667
3903,27.841
3904,28.009
3905,28.187
3906,20.857
3907,20.133
3908,20.142
3909,9.343
3910,5.44
3911,5.44
3912,5.44
3913,5.44
3914,5.44
3915,5.44
3916,5.44
3917,4.806
3918,5.142
3919,9.045
3920,16.597
3921,26.161
3922,26.215
3923,27.389
3924,29.587
3925,31.317
3926,32.716
3927,33.901
3928,34.653
3929,35.352
3930,27.336
3931,25.54
3932,24.577
3933,9.343
3934,5.44
3935,5.44
3936,5.44
3937,5.44
3938,5.44
3939,5.44
3940,5.44
3941,4.806
3942,5.142
3943,9.045
3944,16.615
3945,28.101
3946,29.803
3947,31.473
3948,32.756
3949,33.661
3950,34.47
3951,34.408
3952,33.398
3953,32.247
3954,23.837
3955,22.608
3956,22.186
3957,9.343
3958,5.44
3959,5.44
3960,5.44
3961,5.44
3962,5.44
3963,5.44
3964,5.44
3965,4.806
3966,5.142
3967,9.045
3968,16.597
3969,26.395
3970,28.315
3971,30.362
3972,31.836
3973,33.046
3974,34.309
3975,35.233
3976,35.418
3977,35.371
3978,26.665
3979,24.461
3980,23.342
3981,9.343
3982,5.44
3983,5.44
3984,5.44
3985,5.313
3986,5.313
3987,5.313
3988,5.313
3989,4.68
3990,5.015
3991,6.527
3992,11.562
3993,19.457
3994,28.761
3995,30.659
3996,32.007
3997,33.137
3998,34.184
3999,34.849
4000,35.137
4001,34.99
4002,23.271
4003,16.279
4004,18.06
4005,12.187
4006,5.313
4007,5.313
4008,5.313
4009,5.313
4010,5.313
4011,5.313
4012,5.313
4013,4.68
4014,1.512
4015,1.512
4016,6.527
4017,6.527
4018,14.793
4019,16.336
4020,22.846
4021,23.425
4022,23.779
4023,23.964
4024,23.985
4025,18.472
4026,12.002
4027,1.512
4028,4.68
4029,5.313
4030,5.313
4031,5.313
4032,5.313
4033,5.44
4034,5.44
4035,5.44
4036,5.44
4037,4.806
4038,5.142
4039,9.045
4040,16.597
4041,26.721
4042,29.207
4043,31.33
4044,32.852
4045,34.064
4046,35.713
4047,36.967
4048,37.378
4049,37.475
4050,29.065
4051,27.117
4052,25.999
4053,9.343
4054,5.44
4055,5.44
4056,5.44
4057,5.44
4058,5.44
4059,5.44
4060,5.44
4061,4.806
4062,5.142
4063,9.045
4064,16.657
4065,28.579
4066,30.307
4067,32.245
4068,33.789
4069,35.208
4070,36.627
4071,37.762
4072,38.146
4073,38.281
4074,29.645
4075,27.395
4076,26.007
4077,9.343
4078,5.44
4079,5.44
4080,5.44
4081,5.44
4082,5.44
4083,5.44
4084,5.44
4085,4.806
4086,5.142
4087,9.045
4088,17.146
4089,29.313
4090,30.843
4091,32.624
4092,34.323
4093,36.108
4094,37.944
4095,39.063
4096,39.104
4097,38.834
4098,29.973
4099,27.665
4100,26.254
4101,9.343
4102,5.44
4103,5.44
4104,5.44
4105,5.44
4106,5.44
4107,5.44
4108,5.44
4109,4.806
4110,5.142
4111,9.045
4112,17.787
4113,30.033
4114,31.589
4115,33.374
4116,34.964
4117,36.565
4118,38.198
4119,37.787
4120,35.442
4121,33.431
4122,24.512
4123,23.049
4124,22.44
4125,9.343
4126,5.44
4127,5.44
4128,5.44
4129,5.44
4130,5.44
4131,5.44
4132,5.44
4133,4.806
4134,5.142
4135,9.045
4136,16.623
4137,28.212
4138,29.693
4139,31.167
4140,32.247
4141,33.188
4142,34.211
4143,35.137
4144,35.43
4145,35.484
4146,26.85
4147,24.856
4148,23.583
4149,9.343
4150,5.44
4151,5.44
4152,5.44
4153,5.313
4154,5.313
4155,5.313
4156,5.313
4157,4.68
4158,5.015
4159,6.527
4160,11.562
4161,19.234
4162,28.788
4163,31.015
4164,31.65
4165,31.657
4166,31.249
4167,31.46
4168,32.273
4169,32.305
4170,20.975
4171,14.497
4172,16.671
4173,10.9
4174,5.313
4175,5.313
4176,5.313
4177,5.313
4178,5.313
4179,5.313
4180,5.313
4181,4.68
4182,1.512
4183,1.512
4184,6.527
4185,6.527
4186,14.08
4187,14.573
4188,21.486
4189,22.798
4190,24.097
4191,25.182
4192,26.09
4193,22.222
4194,16.274
4195,1.512
4196,4.68
4197,5.313
4198,5.313
4199,5.313
4200,5.313
4201,5.44
4202,5.44
4203,5.44
4204,5.44
4205,4.806
4206,5.142
4207,9.045
4208,16.597
4209,26.29
4210,27.608
4211,29.553
4212,30.963
4213,32.354
4214,33.77
4215,35.013
4216,35.713
4217,36.183
4218,28.151
4219,26.635
4220,25.813
4221,9.343
4222,5.44
4223,5.44
4224,5.44
4225,5.44
4226,5.44
4227,5.44
4228,5.44
4229,4.806
4230,5.142
4231,9.045
4232,16.597
4233,26.672
4234,28.411
4235,30.083
4236,31.471
4237,32.911
4238,34.385
4239,35.757
4240,36.592
4241,37.179
4242,28.815
4243,26.67
4244,25.361
4245,9.343
4246,5.44
4247,5.44
4248,5.44
4249,5.44
4250,5.44
4251,5.44
4252,5.44
4253,4.806
4254,5.142
4255,9.045
4256,16.597
4257,27.444
4258,29.216
4259,30.853
4260,32.366
4261,33.891
4262,35.432
4263,36.711
4264,37.265
4265,37.57
4266,29.241
4267,27.281
4268,26.134
4269,9.343
4270,5.44
4271,5.44
4272,5.44
4273,5.44
4274,5.44
4275,5.44
4276,5.44
4277,4.806
4278,5.142
4279,9.045
4280,16.597
4281,28.124
4282,30.093
4283,32.236
4284,33.768
4285,34.969
4286,36.117
4287,37.167
4288,37.763
4289,38.089
4290,29.861
4291,28.149
4292,27.179
4293,9.343
4294,5.44
4295,5.44
4296,5.44
4297,5.44
4298,5.44
4299,5.44
4300,5.44
4301,4.806
4302,5.367
4303,10.335
4304,19.263
4305,31.021
4306,32.399
4307,33.902
4308,35.33
4309,36.918
4310,38.606
4311,39.459
4312,39.223
4313,38.247
4314,28.346
4315,25.477
4316,23.711
4317,9.343
4318,5.44
4319,5.44
4320,5.44
4321,5.313
4322,5.313
4323,5.313
4324,5.313
4325,4.68
4326,5.015
4327,6.527
4328,11.823
4329,21.46
4330,30.187
4331,31.634
4332,32.814
4333,34.077
4334,35.456
4335,36.477
4336,37.104
4337,37.365
4338,25.541
4339,17.805
4340,18.965
4341,12.887
4342,5.313
4343,5.313
4344,5.313
4345,5.313
4346,5.313
4347,5.313
4348,5.313
4349,5.313
4350,1.512
4351,1.512
4352,6.599
4353,7.72
4354,17.063
4355,18.186
4356,25.347
4357,26.734
4358,28.574
4359,29.17
4360,28.832
4361,23.811
4362,18.076
4363,1.512
4364,4.68
4365,5.313
4366,5.313
4367,5.313
4368,5.313
4369,5.44
4370,5.44
4371,5.44
4372,5.44
4373,5.44
4374,5.142
4375,9.117
4376,18.554
4377,30.457
4378,31.665
4379,33.554
4380,34.686
4381,36.189
4382,37.764
4383,38.768
4384,38.431
4385,37.355
4386,29.679
4387,28.627
4388,27.034
4389,9.343
4390,5.44
4391,5.44
4392,5.44
4393,5.44
4394,5.44
4395,5.44
4396,5.44
4397,5.44
4398,5.142
4399,9.74
4400,19.422
4401,31.737
4402,33.234
4403,34.743
4404,35.968
4405,37.282
4406,38.249
4407,39.375
4408,39.573
4409,37.58
4410,27.201
4411,24.806
4412,24.65
4413,9.343
4414,5.44
4415,5.44
4416,5.44
4417,5.313
4418,5.313
4419,5.313
4420,5.313
4421,5.313
4422,1.512
4423,1.512
4424,6.527
4425,6.609
4426,15.835
4427,17.083
4428,24.331
4429,25.588
4430,26.825
4431,25.305
4432,23.465
4433,16.399
4434,9.41
4435,1.512
4436,4.68
4437,5.313
4438,5.313
4439,5.313
4440,5.313
4441,5.44
4442,5.44
4443,5.44
4444,5.44
4445,5.44
4446,5.142
4447,9.045
4448,16.597
4449,27.081
4450,29.011
4451,30.653
4452,31.929
4453,33.26
4454,34.372
4455,35.477
4456,35.987
4457,35.018
4458,26.244
4459,25.119
4460,24.756
4461,9.343
4462,5.44
4463,5.44
4464,5.44
4465,5.44
4466,5.44
4467,5.44
4468,5.44
4469,5.44
4470,5.142
4471,9.045
4472,17.013
4473,29.595
4474,31.303
4475,32.856
4476,34.251
4477,35.677
4478,36.519
4479,37.28
4480,37.808
4481,37.927
4482,30.009
4483,28.572
4484,27.191
4485,9.343
4486,5.44
4487,5.44
4488,5.44
4489,5.313
4490,5.313
4491,5.313
4492,5.313
4493,5.313
4494,5.015
4495,6.527
4496,12.042
4497,21.908
4498,31.145
4499,33.145
4500,34.459
4501,35.876
4502,37.431
4503,38.495
4504,38.82
4505,38.865
4506,27.262
4507,20.587
4508,21.827
4509,15.52
4510,5.313
4511,5.313
4512,5.313
4513,5.313
4514,5.313
4515,5.313
4516,5.313
4517,5.313
4518,1.512
4519,1.512
4520,7.307
4521,8.472
4522,17.471
4523,18.668
4524,25.344
4525,26.215
4526,27.018
4527,27.389
4528,27.218
4529,19.467
4530,9.978
4531,1.512
4532,4.68
4533,5.313
4534,5.313
4535,5.313
4536,5.313
4537,5.44
4538,5.44
4539,5.44
4540,5.44
4541,5.44
4542,5.142
4543,9.045
4544,16.597
4545,26.416
4546,28.027
4547,30.341
4548,31.715
4549,33.186
4550,34.259
4551,35.617
4552,36.42
4553,36.321
4554,28.669
4555,27.312
4556,26.114
4557,9.343
4558,5.44
4559,5.44
4560,5.44
4561,5.44
4562,5.44
4563,5.44
4564,5.44
4565,5.44
4566,5.142
4567,9.045
4568,18.036
4569,30.464
4570,31.896
4571,33.566
4572,35.134
4573,36.327
4574,37.423
4575,38.389
4576,38.108
4577,38.325
4578,30.283
4579,27.34
4580,26.294
4581,9.343
4582,5.44
4583,5.44
4584,5.44
4585,5.44
4586,5.44
4587,5.44
4588,5.44
4589,5.44
4590,5.142
4591,9.053
4592,18.443
4593,30.574
4594,32.537
4595,34.063
4596,34.61
4597,34.927
4598,35.649
4599,35.829
4600,35.096
4601,34.925
4602,27.537
4603,26.036
4604,25.383
4605,9.343
4606,5.44
4607,5.44
4608,5.44
4609,5.44
4610,5.44
4611,5.44
4612,5.44
4613,5.44
4614,5.142
4615,9.045
4616,17.773
4617,30.008
4618,31.683
4619,33.493
4620,34.882
4621,35.958
4622,36.583
4623,37.033
4624,37.747
4625,37.852
4626,29.249
4627,27.269
4628,25.418
4629,9.343
4630,5.44
4631,5.44
4632,5.44
4633,5.44
4634,5.44
4635,5.44
4636,5.44
4637,5.44
4638,5.142
4639,9.045
4640,16.626
4641,28.477
4642,30.516
4643,32.292
4644,33.888
4645,35.436
4646,36.526
4647,36.492
4648,35.585
4649,35.115
4650,26.207
4651,24.72
4652,24.003
4653,9.343
4654,5.44
4655,5.44
4656,5.44
4657,5.313
4658,5.313
4659,5.313
4660,5.313
4661,5.313
4662,5.015
4663,6.527
4664,11.562
4665,20.945
4666,30.474
4667,32.232
4668,33.541
4669,34.827
4670,35.877
4671,36.698
4672,36.938
4673,36.695
4674,24.477
4675,16.801
4676,17.377
4677,10.638
4678,5.313
4679,5.313
4680,5.313
4681,5.313
4682,5.313
4683,5.313
4684,5.313
4685,5.313
4686,1.512
4687,1.512
4688,6.527
4689,6.527
4690,14.746
4691,16.716
4692,23.737
4693,24.888
4694,25.612
4695,25.543
4696,24.79
4697,18.523
4698,12.287
4699,1.512
4700,4.68
4701,5.313
4702,5.313
4703,5.313
4704,5.313
4705,5.44
4706,5.44
4707,5.44
4708,5.44
4709,5.44
4710,5.142
4711,9.045
4712,16.94
4713,29.604
4714,31.247
4715,32.381
4716,33.296
4717,34.591
4718,35.233
4719,36.048
4720,36.558
4721,36.462
4722,28.437
4723,26.508
4724,25.677
4725,9.343
4726,5.44
4727,5.44
4728,5.44
4729,5.44
4730,5.44
4731,5.44
4732,5.44
4733,5.44
4734,5.142
4735,9.045
4736,17.26
4737,29.951
4738,31.52
4739,32.972
4740,34.412
4741,35.452
4742,36.383
4743,37.488
4744,37.992
4745,37.869
4746,29.601
4747,28.002
4748,27.4
4749,9.343
4750,5.44
4751,5.44
4752,5.44
4753,5.44
4754,5.44
4755,5.44
4756,5.44
4757,5.44
4758,5.142
4759,9.046
4760,18.438
4761,31.096
4762,32.546
4763,33.935
4764,35.334
4765,36.477
4766,37.401
4767,38.342
4768,38.382
4769,38.123
4770,30.38
4771,29.768
4772,27.355
4773,9.343
4774,5.44
4775,5.44
4776,5.44
4777,5.44
4778,5.44
4779,5.44
4780,5.44
4781,5.44
4782,5.775
4783,9.045
4784,17.353
4785,29.847
4786,31.49
4787,33.085
4788,34.846
4789,36.195
4790,37.129
4791,38.213
4792,35.577
4793,33.161
4794,24.991
4795,23.86
4796,23.369
4797,9.343
4798,5.44
4799,5.44
4800,5.44
4801,5.44
4802,5.44
4803,5.44
4804,5.44
4805,5.44
4806,5.775
4807,9.045
4808,17.065
4809,29.695
4810,31.302
4811,33.09
4812,34.778
4813,36.101
4814,36.99
4815,38.176
4816,38.798
4817,38.689
4818,28.47
4819,24.927
4820,24.188
4821,9.343
4822,5.44
4823,5.44
4824,5.44
4825,5.313
4826,5.313
4827,5.313
4828,5.313
4829,5.313
4830,5.649
4831,6.527
4832,12.029
4833,22.247
4834,31.398
4835,33.644
4836,35.476
4837,36.076
4838,36.299
4839,34.667
4840,34.574
4841,34.696
4842,22.407
4843,15.996
4844,18.81
4845,13.252
4846,5.313
4847,5.313
4848,5.313
4849,5.313
4850,5.313
4851,5.313
4852,5.313
4853,5.313
4854,2.146
4855,1.512
4856,6.527
4857,7.481
4858,16.814
4859,17.525
4860,24.122
4861,25.024
4862,25.604
4863,24.441
4864,22.794
4865,15.797
4866,9.788
4867,1.512
4868,4.68
4869,5.313
4870,5.313
4871,5.313
4872,5.313
4873,5.44
4874,5.44
4875,5.44
4876,5.44
4877,5.44
4878,5.775
4879,9.045
4880,16.597
4881,26.561
4882,28.371
4883,30.379
4884,31.864
4885,32.923
4886,33.55
4887,34.431
4888,34.403
4889,34.177
4890,25.766
4891,24.151
4892,23.76
4893,9.343
4894,5.44
4895,5.44
4896,5.44
4897,5.44
4898,5.44
4899,5.44
4900,5.44
4901,5.44
4902,5.775
4903,9.045
4904,16.597
4905,27.465
4906,29.206
4907,30.743
4908,31.744
4909,32.887
4910,34.024
4911,34.59
4912,34.535
4913,34.088
4914,25.607
4915,24.217
4916,24.027
4917,9.343
4918,5.44
4919,5.44
4920,5.44
4921,5.44
4922,5.44
4923,5.44
4924,5.44
4925,5.44
4926,5.775
4927,9.045
4928,16.617
4929,28.416
4930,30.575
4931,32.713
4932,34.211
4933,34.698
4934,35.743
4935,36.726
4936,36.486
4937,35.776
4938,25.098
4939,21.843
4940,21.091
4941,9.343
4942,5.44
4943,5.44
4944,5.44
4945,5.44
4946,5.44
4947,5.44
4948,5.44
4949,5.44
4950,5.775
4951,9.045
4952,16.645
4953,28.306
4954,30.099
4955,31.679
4956,32.811
4957,34.235
4958,35.518
4959,36.35
4960,36.321
4961,35.513
4962,27.08
4963,26.164
4964,25.645
4965,9.343
4966,5.44
4967,5.44
4968,5.44
4969,5.44
4970,5.44
4971,5.44
4972,5.44
4973,5.44
4974,5.775
4975,9.045
4976,17.341
4977,29.357
4978,30.68
4979,32.232
4980,33.753
4981,34.722
4982,36.07
4983,36.821
4984,36.102
4985,34.181
4986,25.606
4987,24.967
4988,24.571
4989,9.343
4990,5.44
4991,5.44
4992,5.44
4993,5.313
4994,5.313
4995,5.313
4996,5.313
4997,5.313
4998,5.649
4999,6.527
5000,11.568
5001,21.102
5002,30.622
5003,32.73
5004,34.339
5005,35.625
5006,36.596
5007,37.006
5008,37.646
5009,37.125
5010,26.042
5011,19.542
5012,21.855
5013,14.694
5014,5.313
5015,5.313
5016,5.313
5017,5.313
5018,5.313
5019,5.313
5020,5.313
5021,5.313
5022,2.146
5023,1.512
5024,6.729
5025,8.033
5026,17.71
5027,19.127
5028,25.951
5029,27.347
5030,27.846
5031,28.502
5032,29.282
5033,25.109
5034,18.604
5035,1.512
5036,5.313
5037,5.313
5038,5.313
5039,5.313
5040,5.313
5041,5.44
5042,5.44
5043,5.44
5044,5.44
5045,5.44
5046,5.775
5047,9.095
5048,18.11
5049,29.873
5050,31.565
5051,33.463
5052,35.273
5053,36.896
5054,38.253
5055,39.783
5056,39.443
5057,38.722
5058,30.996
5059,29.567
5060,28.905
5061,9.343
5062,5.44
5063,5.44
5064,5.44
5065,5.44
5066,5.44
5067,5.44
5068,5.44
5069,5.44
5070,5.775
5071,9.045
5072,16.971
5073,29.345
5074,31.184
5075,33.56
5076,35.623
5077,37.157
5078,38.857
5079,40.53
5080,40.852
5081,40.271
5082,32.055
5083,29.649
5084,28.045
5085,9.343
5086,5.44
5087,5.44
5088,5.44
5089,5.44
5090,5.44
5091,5.44
5092,5.44
5093,5.44
5094,5.875
5095,10.231
5096,19.268
5097,31.411
5098,33.295
5099,35.394
5100,36.958
5101,38.246
5102,39.436
5103,40.048
5104,39.891
5105,39.275
5106,30.5
5107,28.434
5108,27.733
5109,9.343
5110,5.44
5111,5.44
5112,5.44
5113,5.44
5114,5.44
5115,5.44
5116,5.44
5117,5.44
5118,6.409
5119,9.045
5120,16.606
5121,27.636
5122,30.101
5123,32.201
5124,33.292
5125,33.994
5126,34.518
5127,35.254
5128,35.769
5129,35.954
5130,27.637
5131,25.753
5132,25.242
5133,9.343
5134,5.44
5135,5.44
5136,5.44
5137,5.44
5138,5.44
5139,5.44
5140,5.44
5141,5.44
5142,6.409
5143,9.045
5144,16.904
5145,29.085
5146,30.905
5147,32.388
5148,33.582
5149,34.886
5150,36.191
5151,37.063
5152,37.08
5153,36.803
5154,28.416
5155,26.763
5156,26.498
5157,9.343
5158,5.44
5159,5.44
5160,5.44
5161,5.313
5162,5.313
5163,5.313
5164,5.313
5165,5.313
5166,6.282
5167,6.527
5168,11.595
5169,21.762
5170,31.343
5171,33.389
5172,34.734
5173,35.787
5174,36.591
5175,36.823
5176,36.722
5177,36.173
5178,24.498
5179,17.918
5180,20.691
5181,14.039
5182,5.313
5183,5.313
5184,5.313
5185,5.313
5186,5.313
5187,5.313
5188,5.313
5189,5.313
5190,2.779
5191,1.512
5192,6.527
5193,7.267
5194,16.895
5195,18.314
5196,25.368
5197,26.562
5198,27.465
5199,27.872
5200,28.012
5201,23.438
5202,17.026
5203,1.512
5204,5.313
5205,5.313
5206,5.313
5207,5.313
5208,5.313
5209,5.44
5210,5.44
5211,5.44
5212,5.44
5213,5.44
5214,6.409
5215,9.045
5216,17.087
5217,29.313
5218,31.002
5219,32.802
5220,34.32
5221,35.623
5222,36.779
5223,37.188
5224,36.625
5225,35.801
5226,27.479
5227,26.241
5228,26.443
5229,9.343
5230,5.44
5231,5.44
5232,5.44
5233,5.44
5234,5.44
5235,5.44
5236,5.44
5237,5.44
5238,6.409
5239,9.045
5240,17.227
5241,29.779
5242,31.711
5243,33.818
5244,35.142
5245,35.844
5246,35.999
5247,36.316
5248,36.566
5249,36.832
5250,28.629
5251,26.814
5252,26.691
5253,9.343
5254,5.44
5255,5.44
5256,5.44
5257,5.44
5258,5.44
5259,5.44
5260,5.44
5261,5.44
5262,6.409
5263,9.045
5264,16.634
5265,28.473
5266,30.468
5267,32.407
5268,33.803
5269,34.873
5270,35.82
5271,36.399
5272,36.209
5273,35.739
5274,27.147
5275,25.891
5276,24.718
5277,9.343
5278,5.44
5279,5.44
5280,5.44
5281,5.44
5282,5.44
5283,5.44
5284,5.44
5285,5.44
5286,6.409
5287,9.045
5288,16.597
5289,27.219
5290,29.67
5291,31.702
5292,32.514
5293,32.628
5294,32.33
5295,31.938
5296,31.3
5297,30.366
5298,22.234
5299,21.969
5300,21.843
5301,9.343
5302,5.44
5303,5.44
5304,5.44
5305,5.44
5306,5.44
5307,5.44
5308,5.44
5309,5.44
5310,6.409
5311,9.045
5312,16.597
5313,26.271
5314,27.878
5315,30.643
5316,32.266
5317,33.607
5318,34.836
5319,35.774
5320,35.992
5321,35.927
5322,27.65
5323,26.708
5324,26.004
5325,9.343
5326,5.44
5327,5.44
5328,5.44
5329,5.313
5330,5.313
5331,5.313
5332,5.313
5333,5.313
5334,6.282
5335,6.527
5336,11.562
5337,19.603
5338,29.327
5339,31.537
5340,33.002
5341,34.214
5342,35.272
5343,35.819
5344,35.988
5345,35.668
5346,23.791
5347,17.311
5348,19.015
5349,12.568
5350,5.313
5351,5.313
5352,5.313
5353,5.313
5354,5.313
5355,5.313
5356,5.313
5357,5.313
5358,2.779
5359,1.512
5360,6.527
5361,6.527
5362,15.228
5363,16.887
5364,23.753
5365,24.863
5366,25.663
5367,25.993
5368,25.987
5369,20.781
5370,13.961
5371,2.146
5372,5.313
5373,5.313
5374,5.313
5375,5.313
5376,5.313
5377,5.44
5378,5.44
5379,5.44
5380,5.44
5381,5.44
5382,6.409
5383,9.045
5384,16.597
5385,26.252
5386,27.751
5387,30.286
5388,31.877
5389,33.19
5390,34.385
5391,35.406
5392,35.761
5393,35.861
5394,27.642
5395,26.656
5396,25.872
5397,9.343
5398,5.44
5399,5.44
5400,5.44
5401,5.44
5402,5.44
5403,5.44
5404,5.44
5405,5.44
5406,6.409
5407,9.045
5408,16.597
5409,27.495
5410,29.855
5411,31.84
5412,33.321
5413,34.618
5414,35.786
5415,36.595
5416,36.862
5417,37.069
5418,28.282
5419,26.474
5420,25.145
5421,9.343
5422,5.44
5423,5.44
5424,5.44
5425,5.44
5426,5.44
5427,5.44
5428,5.44
5429,5.44
5430,6.409
5431,9.045
5432,16.597
5433,26.717
5434,29.172
5435,31.545
5436,33.044
5437,34.304
5438,35.474
5439,36.339
5440,36.616
5441,36.712
5442,28.376
5443,27.303
5444,26.466
5445,9.343
5446,5.44
5447,5.44
5448,5.44
5449,5.44
5450,5.44
5451,5.44
5452,5.44
5453,5.44
5454,7.042
5455,9.045
5456,17.49
5457,29.698
5458,31.531
5459,33.595
5460,34.903
5461,35.701
5462,36.321
5463,36.366
5464,35.597
5465,34.492
5466,25.738
5467,24.673
5468,23.841
5469,9.343
5470,5.44
5471,5.44
5472,5.44
5473,5.44
5474,5.44
5475,5.44
5476,5.44
5477,5.44
5478,7.042
5479,9.045
5480,16.597
5481,26.503
5482,28.945
5483,31.513
5484,33.042
5485,34.238
5486,35.262
5487,36.085
5488,36.281
5489,36.196
5490,27.954
5491,27.653
5492,26.059
5493,9.343
5494,5.44
5495,5.44
5496,5.44
5497,5.313
5498,5.313
5499,5.313
5500,5.313
5501,5.313
5502,6.916
5503,6.527
5504,11.562
5505,19.632
5506,29.816
5507,32.246
5508,33.473
5509,34.147
5510,34.652
5511,35.116
5512,35.485
5513,35.419
5514,23.542
5515,17.458
5516,18.066
5517,11.221
5518,5.313
5519,5.313
5520,5.313
5521,5.313
5522,5.313
5523,5.313
5524,5.313
5525,5.313
5526,3.413
5527,1.512
5528,6.527
5529,6.527
5530,14.634
5531,16.579
5532,23.805
5533,25.02
5534,25.97
5535,26.299
5536,26.398
5537,21.334
5538,14.835
5539,2.779
5540,5.313
5541,5.313
5542,5.313
5543,5.313
5544,5.313
5545,5.44
5546,5.44
5547,5.44
5548,5.44
5549,5.44
5550,7.042
5551,9.045
5552,16.755
5553,28.666
5554,30.563
5555,32.155
5556,33.196
5557,34.232
5558,35.15
5559,35.716
5560,35.571
5561,35.119
5562,26.784
5563,26.65
5564,25.37
5565,9.343
5566,5.44
5567,5.44
5568,5.44
5569,5.44
5570,5.44
5571,5.44
5572,5.44
5573,5.44
5574,7.042
5575,9.045
5576,16.597
5577,26.983
5578,29.793
5579,32.184
5580,33.757
5581,34.967
5582,35.889
5583,36.431
5584,36.242
5585,35.819
5586,27.383
5587,26.833
5588,25.103
5589,9.343
5590,5.44
5591,5.44
5592,5.44
5593,5.44
5594,5.44
5595,5.44
5596,5.44
5597,5.44
5598,7.042
5599,9.045
5600,16.597
5601,26.519
5602,27.746
5603,29.675
5604,30.423
5605,30.577
5606,30.623
5607,30.644
5608,30.393
5609,29.95
5610,21.954
5611,22.012
5612,21.09
5613,9.343
5614,5.44
5615,5.44
5616,5.44
5617,5.44
5618,5.44
5619,5.44
5620,5.44
5621,5.44
5622,7.042
5623,9.045
5624,16.597
5625,26.248
5626,27.031
5627,28.8
5628,30.198
5629,31.303
5630,32.055
5631,32.527
5632,32.409
5633,32.022
5634,23.86
5635,23.915
5636,22.714
5637,9.343
5638,5.44
5639,5.44
5640,5.44
5641,5.44
5642,5.44
5643,5.44
5644,5.44
5645,5.44
5646,7.042
5647,9.045
5648,16.597
5649,26.161
5650,26.272
5651,27.502
5652,29.444
5653,31.089
5654,32.168
5655,32.917
5656,33.033
5657,32.882
5658,24.834
5659,24.895
5660,23.733
5661,9.343
5662,5.44
5663,5.44
5664,5.44
5665,5.313
5666,5.313
5667,5.313
5668,5.313
5669,5.313
5670,6.916
5671,6.527
5672,11.562
5673,19.115
5674,26.604
5675,29.203
5676,31.185
5677,32.485
5678,33.565
5679,34.156
5680,34.436
5681,34.408
5682,22.973
5683,17.52
5684,18.881
5685,12.375
5686,5.313
5687,5.313
5688,5.313
5689,5.313
5690,5.313
5691,5.313
5692,5.313
5693,5.313
5694,3.413
5695,1.512
5696,6.527
5697,6.527
5698,14.123
5699,15.74
5700,23.142
5701,24.667
5702,25.917
5703,26.639
5704,27.135
5705,22.955
5706,16.341
5707,3.413
5708,5.313
5709,5.313
5710,5.313
5711,5.313
5712,5.313
5713,5.44
5714,5.44
5715,5.44
5716,5.44
5717,5.44
5718,7.042
5719,9.045
5720,16.597
5721,27.105
5722,29.398
5723,31.505
5724,33.024
5725,34.258
5726,35.472
5727,36.361
5728,36.441
5729,36.236
5730,27.465
5731,27.181
5732,24.686
5733,9.343
5734,5.44
5735,5.44
5736,5.44
5737,5.44
5738,5.44
5739,5.44
5740,5.44
5741,5.44
5742,7.042
5743,9.045
5744,16.597
5745,26.541
5746,28.618
5747,30.935
5748,32.472
5749,33.812
5750,35.163
5751,35.602
5752,34.907
5753,34.007
5754,25.391
5755,25.66
5756,23.637
5757,9.343
5758,5.44
5759,5.44
5760,5.44
5761,5.44
5762,5.44
5763,5.44
5764,5.44
5765,5.44
5766,7.676
5767,9.045
5768,16.597
5769,26.226
5770,27.812
5771,30.604
5772,32.163
5773,33.262
5774,34.286
5775,35.098
5776,35.308
5777,35.294
5778,26.96
5779,27.119
5780,25.011
5781,9.343
5782,5.44
5783,5.44
5784,5.44
5785,5.44
5786,5.44
5787,5.44
5788,5.44
5789,5.44
5790,7.676
5791,9.045
5792,16.612
5793,28.28
5794,30.393
5795,32.467
5796,33.891
5797,35.025
5798,36.011
5799,35.84
5800,34.393
5801,32.605
5802,23.564
5803,23.694
5804,21.351
5805,9.343
5806,5.44
5807,5.44
5808,5.44
5809,5.44
5810,5.44
5811,5.44
5812,5.44
5813,5.44
5814,7.676
5815,9.045
5816,16.597
5817,26.167
5818,26.565
5819,28.228
5820,29.763
5821,30.533
5822,30.788
5823,30.807
5824,30.412
5825,29.657
5826,21.557
5827,22.466
5828,21.159
5829,9.343
5830,5.44
5831,5.44
5832,5.44
5833,5.313
5834,5.313
5835,5.313
5836,5.313
5837,5.313
5838,7.549
5839,6.527
5840,11.562
5841,19.426
5842,28.946
5843,30.933
5844,32.111
5845,33.167
5846,34.387
5847,35.04
5848,34.933
5849,33.94
5850,22.335
5851,17.244
5852,17.998
5853,11.551
5854,5.313
5855,5.313
5856,5.313
5857,5.313
5858,5.313
5859,5.313
5860,5.313
5861,5.313
5862,4.046
5863,1.512
5864,6.527
5865,6.527
5866,14.394
5867,16.238
5868,23.6
5869,24.976
5870,25.5
5871,26.412
5872,26.95
5873,22.162
5874,15.91
5875,4.046
5876,5.313
5877,5.313
5878,5.313
5879,5.313
5880,5.313
5881,5.313
5882,5.313
5883,5.313
5884,5.313
5885,5.313
5886,4.046
5887,1.512
5888,6.527
5889,6.777
5890,16.572
5891,18.085
5892,25.195
5893,26.457
5894,27.571
5895,27.376
5896,25.875
5897,19.666
5898,11.703
5899,4.046
5900,5.313
5901,5.313
5902,5.313
5903,5.313
5904,5.313
5905,5.44
5906,5.44
5907,5.44
5908,5.44
5909,5.44
5910,7.676
5911,9.045
5912,16.597
5913,26.248
5914,27.194
5915,30.072
5916,31.338
5917,32.041
5918,32.485
5919,32.475
5920,32.914
5921,32.977
5922,24.84
5923,26.094
5924,23.555
5925,9.343
5926,5.44
5927,5.44
5928,5.44
5929,5.44
5930,5.44
5931,5.44
5932,5.44
5933,5.44
5934,7.676
5935,9.045
5936,16.597
5937,26.161
5938,26.388
5939,27.668
5940,29.748
5941,31.888
5942,32.965
5943,33.251
5944,32.917
5945,30.535
5946,21.493
5947,22.967
5948,20.968
5949,9.343
5950,5.44
5951,5.44
5952,5.44
5953,5.44
5954,5.44
5955,5.44
5956,5.44
5957,5.44
5958,7.676
5959,9.045
5960,16.597
5961,26.161
5962,26.471
5963,28.347
5964,30.467
5965,31.785
5966,32.564
5967,33.225
5968,33.387
5969,33.261
5970,24.579
5971,25.38
5972,22.837
5973,9.343
5974,5.44
5975,5.44
5976,5.44
5977,5.44
5978,5.44
5979,5.44
5980,5.44
5981,5.44
5982,7.676
5983,9.045
5984,16.597
5985,26.539
5986,26.894
5987,27.695
5988,28.56
5989,28.979
5990,29.527
5991,29.598
5992,29.428
5993,29.084
5994,21.025
5995,22.549
5996,20.927
5997,9.343
5998,5.44
5999,5.44
6000,5.44
6001,5.313
6002,5.313
6003,5.313
6004,5.313
6005,5.313
6006,7.549
6007,6.527
6008,11.562
6009,19.115
6010,26.161
6011,26.161
6012,26.184
6013,26.521
6014,27.367
6015,28.104
6016,28.128
6017,27.878
6018,17.378
6019,14.262
6020,15.364
6021,10.328
6022,5.313
6023,5.313
6024,5.313
6025,5.313
6026,5.313
6027,5.313
6028,5.313
6029,5.313
6030,4.046
6031,1.512
6032,6.527
6033,6.527
6034,14.08
6035,14.08
6036,19.216
6037,20.306
6038,21.902
6039,22.948
6040,23.358
6041,17.452
6042,11.204
6043,4.68
6044,5.313
6045,5.313
6046,5.313
6047,5.313
6048,5.313
6049,5.44
6050,5.44
6051,5.44
6052,5.44
6053,5.44
6054,7.676
6055,9.045
6056,16.597
6057,26.161
6058,26.408
6059,28.182
6060,30.556
6061,32.078
6062,32.853
6063,33.551
6064,33.332
6065,32.975
6066,24.709
6067,26.209
6068,23.372
6069,9.343
6070,5.44
6071,5.44
6072,5.44
6073,5.44
6074,5.44
6075,5.44
6076,5.44
6077,5.44
6078,7.676
6079,9.045
6080,16.597
6081,26.266
6082,27.804
6083,30.244
6084,31.646
6085,32.688
6086,33.395
6087,34.019
6088,34.1
6089,33.131
6090,23.829
6091,25.836
6092,23.393
6093,9.343
6094,5.44
6095,5.44
6096,5.44
6097,5.44
6098,5.44
6099,5.44
6100,5.44
6101,5.44
6102,8.31
6103,9.045
6104,16.597
6105,26.694
6106,29.07
6107,31.289
6108,32.65
6109,33.855
6110,34.589
6111,34.808
6112,33.549
6113,33.131
6114,25.272
6115,26.782
6116,23.808
6117,9.343
6118,5.44
6119,5.44
6120,5.44
6121,5.44
6122,5.44
6123,5.44
6124,5.44
6125,5.44
6126,8.31
6127,9.045
6128,16.597
6129,26.431
6130,28.423
6131,30.54
6132,31.894
6133,32.427
6134,33.06
6135,34.127
6136,34.251
6137,34.265
6138,25.989
6139,27.494
6140,24.285
6141,9.343
6142,5.44
6143,5.44
6144,5.44
6145,5.44
6146,5.44
6147,5.44
6148,5.44
6149,5.44
6150,8.31
6151,9.045
6152,16.597
6153,26.268
6154,27.852
6155,30.376
6156,32.015
6157,33.251
6158,34.363
6159,35.029
6160,35.055
6161,33.415
6162,24.072
6163,24.94
6164,21.966
6165,9.343
6166,5.44
6167,5.44
6168,5.44
6169,5.313
6170,5.313
6171,5.313
6172,5.313
6173,5.313
6174,8.183
6175,6.527
6176,11.562
6177,19.785
6178,29.008
6179,30.802
6180,31.941
6181,32.152
6182,32.467
6183,33.03
6184,33.795
6185,33.409
6186,20.466
6187,16.308
6188,15.859
6189,10.334
6190,5.313
6191,5.313
6192,5.313
6193,5.313
6194,5.313
6195,5.313
6196,5.313
6197,5.313
6198,4.68
6199,1.512
6200,6.527
6201,6.527
6202,14.08
6203,14.536
6204,21.955
6205,22.618
6206,23.3
6207,24.057
6208,23.672
6209,17.123
6210,10.211
6211,5.313
6212,5.313
6213,5.313
6214,5.313
6215,5.313
6216,5.313
6217,5.44
6218,5.44
6219,5.44
6220,5.44
6221,5.44
6222,8.31
6223,9.045
6224,16.597
6225,26.161
6226,26.232
6227,27.146
6228,28.556
6229,30.341
6230,31.481
6231,31.896
6232,32.152
6233,31.754
6234,23.311
6235,25.858
6236,21.699
6237,9.343
6238,5.44
6239,5.44
6240,5.44
6241,5.44
6242,5.44
6243,5.44
6244,5.44
6245,5.44
6246,8.31
6247,9.045
6248,16.597
6249,26.161
6250,26.263
6251,27.313
6252,28.799
6253,30.283
6254,31.819
6255,32.486
6256,32.503
6257,32.141
6258,23.82
6259,25.965
6260,22.161
6261,9.343
6262,5.44
6263,5.44
6264,5.44
6265,5.44
6266,5.44
6267,5.44
6268,5.44
6269,5.44
6270,8.31
6271,9.045
6272,16.597
6273,26.161
6274,26.363
6275,27.911
6276,29.618
6277,31.132
6278,32.212
6279,33.283
6280,33.979
6281,34.048
6282,25.402
6283,27.158
6284,23.188
6285,9.343
6286,5.44
6287,5.44
6288,5.44
6289,5.44
6290,5.44
6291,5.44
6292,5.44
6293,5.44
6294,8.31
6295,9.045
6296,16.597
6297,26.172
6298,27.291
6299,29.647
6300,31.116
6301,33.123
6302,34.825
6303,35.627
6304,35.454
6305,35.315
6306,26.688
6307,28.049
6308,23.287
6309,9.343
6310,5.44
6311,5.44
6312,5.44
6313,5.44
6314,5.44
6315,5.44
6316,5.44
6317,5.44
6318,8.31
6319,9.045
6320,16.597
6321,26.209
6322,27.582
6323,30.211
6324,32.376
6325,34.034
6326,35.02
6327,35.435
6328,35.283
6329,34.996
6330,26.258
6331,27.591
6332,23.077
6333,9.343
6334,5.44
6335,5.44
6336,5.44
6337,5.313
6338,5.313
6339,5.313
6340,5.313
6341,5.313
6342,8.183
6343,6.527
6344,11.562
6345,19.184
6346,27.689
6347,29.796
6348,31.539
6349,33.087
6350,34.162
6351,33.822
6352,32.928
6353,32.198
6354,20.717
6355,17.546
6356,16.365
6357,10.426
6358,5.313
6359,5.313
6360,5.313
6361,5.313
6362,5.313
6363,5.313
6364,5.313
6365,5.313
6366,4.68
6367,1.512
6368,6.527
6369,6.527
6370,14.08
6371,14.08
6372,19.229
6373,20.525
6374,21.459
6375,21.552
6376,21.515
6377,15.022
6378,9.709
6379,5.313
6380,5.313
6381,5.313
6382,5.313
6383,5.313
6384,5.313
6385,5.44
6386,5.44
6387,5.44
6388,5.44
6389,5.44
6390,8.31
6391,9.045
6392,16.597
6393,26.161
6394,26.161
6395,26.503
6396,27.637
6397,29.52
6398,31.3
6399,32.491
6400,32.728
6401,32.292
6402,24.546
6403,26.137
6404,21.858
6405,9.343
6406,5.44
6407,5.44
6408,5.44
6409,5.44
6410,5.44
6411,5.44
6412,5.44
6413,5.44
6414,8.943
6415,9.045
6416,16.597
6417,26.161
6418,26.483
6419,28.427
6420,30.614
6421,31.853
6422,32.628
6423,33.301
6424,33.469
6425,33.499
6426,25.683
6427,26.979
6428,23.211
6429,9.343
6430,5.44
6431,5.44
6432,5.44
6433,5.44
6434,5.44
6435,5.44
6436,5.44
6437,5.44
6438,8.943
6439,9.045
6440,16.597
6441,26.176
6442,26.811
6443,28.825
6444,30.689
6445,31.81
6446,32.705
6447,33.512
6448,33.604
6449,33.124
6450,25.01
6451,25.936
6452,21.959
6453,9.343
6454,5.44
6455,5.44
6456,5.44
6457,5.44
6458,5.44
6459,5.44
6460,5.44
6461,5.44
6462,8.943
6463,9.045
6464,16.597
6465,26.161
6466,26.411
6467,28.661
6468,30.903
6469,32.52
6470,33.778
6471,34.685
6472,34.623
6473,33.964
6474,25.596
6475,26.344
6476,22.341
6477,9.343
6478,5.44
6479,5.44
6480,5.44
6481,5.44
6482,5.44
6483,5.44
6484,5.44
6485,5.44
6486,8.943
6487,9.045
6488,16.597
6489,27.109
6490,29.299
6491,30.981
6492,32.351
6493,33.679
6494,34.555
6495,34.742
6496,34.616
6497,34.01
6498,25.691
6499,26.966
6500,22.719
6501,9.343
6502,5.44
6503,5.44
6504,5.44
6505,5.313
6506,5.313
6507,5.313
6508,5.313
6509,5.313
6510,8.817
6511,6.527
6512,11.562
6513,19.34
6514,28.678
6515,30.366
6516,31.774
6517,33.378
6518,34.471
6519,34.993
6520,34.347
6521,33.118
6522,21.892
6523,18.46
6524,17.427
6525,10.991
6526,5.313
6527,5.313
6528,5.313
6529,5.313
6530,5.313
6531,5.313
6532,5.313
6533,5.313
6534,5.313
6535,1.512
6536,6.527
6537,6.527
6538,14.38
6539,16.086
6540,23.219
6541,24.316
6542,24.394
6543,24.417
6544,24.681
6545,19.116
6546,13.415
6547,5.313
6548,5.313
6549,5.313
6550,5.313
6551,5.313
6552,5.313
6553,5.44
6554,5.44
6555,5.44
6556,5.44
6557,5.44
6558,8.943
6559,9.045
6560,16.597
6561,26.161
6562,26.507
6563,28.509
6564,30.332
6565,31.498
6566,32.363
6567,32.981
6568,32.902
6569,32.543
6570,25.201
6571,26.067
6572,21.688
6573,9.343
6574,5.44
6575,5.44
6576,5.44
6577,5.44
6578,5.44
6579,5.44
6580,5.44
6581,5.44
6582,8.943
6583,9.045
6584,16.597
6585,26.161
6586,26.215
6587,27.912
6588,29.783
6589,30.718
6590,31.189
6591,31.469
6592,31.327
6593,30.831
6594,23.919
6595,25.246
6596,21.929
6597,9.343
6598,5.44
6599,5.44
6600,5.44
6601,5.44
6602,5.44
6603,5.44
6604,5.44
6605,5.44
6606,8.943
6607,9.045
6608,16.597
6609,26.167
6610,27.115
6611,29.21
6612,30.365
6613,30.53
6614,30.39
6615,30.565
6616,29.958
6617,28.837
6618,21.767
6619,23.447
6620,20.484
6621,9.343
6622,5.44
6623,5.44
6624,5.44
6625,5.44
6626,5.44
6627,5.44
6628,5.44
6629,5.44
6630,8.943
6631,9.045
6632,16.597
6633,26.161
6634,26.161
6635,26.161
6636,26.166
6637,26.288
6638,26.336
6639,26.223
6640,26.161
6641,26.161
6642,20.382
6643,22.916
6644,20.399
6645,9.343
6646,5.44
6647,5.44
6648,5.44
6649,5.44
6650,5.44
6651,5.44
6652,5.44
6653,5.44
6654,8.943
6655,9.045
6656,16.597
6657,26.161
6658,26.161
6659,26.161
6660,26.161
6661,26.161
6662,26.161
6663,26.161
6664,26.161
6665,26.161
6666,20.382
6667,22.916
6668,20.399
6669,9.343
6670,5.44
6671,5.44
6672,5.44
6673,5.313
6674,5.313
6675,5.313
6676,5.313
6677,5.313
6678,8.817
6679,6.527
6680,11.562
6681,19.115
6682,26.161
6683,26.161
6684,26.161
6685,26.177
6686,26.365
6687,26.891
6688,27.16
6689,26.951
6690,18.123
6691,15.37
6692,15.364
6693,10.328
6694,5.313
6695,5.313
6696,5.313
6697,5.313
6698,5.313
6699,5.313
6700,5.313
6701,5.313
6702,5.313
6703,1.512
6704,6.527
6705,6.527
6706,14.08
6707,14.08
6708,19.115
6709,19.115
6710,19.226
6711,19.562
6712,19.579
6713,14.089
6714,10.945
6715,5.313
6716,5.313
6717,5.313
6718,5.313
6719,5.313
6720,5.313
6721,5.313
6722,5.313
6723,5.313
6724,5.313
6725,5.313
6726,5.313
6727,2.146
6728,6.527
6729,6.527
6730,14.08
6731,14.08
6732,19.115
6733,19.115
6734,19.12
6735,19.27
6736,19.365
6737,14.08
6738,10.945
6739,5.313
6740,5.313
6741,5.313
6742,5.313
6743,5.313
6744,5.313
6745,5.44
6746,5.44
6747,5.44
6748,5.44
6749,5.44
6750,8.943
6751,9.678
6752,16.597
6753,26.161
6754,26.161
6755,26.161
6756,26.357
6757,27.051
6758,28.471
6759,29.458
6760,29.976
6761,29.922
6762,23.352
6763,23.74
6764,20.528
6765,9.343
6766,5.44
6767,5.44
6768,5.44
6769,5.44
6770,5.44
6771,5.44
6772,5.44
6773,5.44
6774,8.943
6775,9.678
6776,16.597
6777,26.161
6778,26.161
6779,26.214
6780,27.466
6781,29.198
6782,30.164
6783,30.898
6784,31.029
6785,30.52
6786,23.723
6787,23.857
6788,20.658
6789,9.343
6790,5.44
6791,5.44
6792,5.44
6793,5.44
6794,5.44
6795,5.44
6796,5.44
6797,5.44
6798,8.943
6799,9.678
6800,16.597
6801,26.161
6802,26.161
6803,26.372
6804,27.928
6805,29.602
6806,30.746
6807,31.729
6808,31.936
6809,31.641
6810,24.906
6811,25.129
6812,21.115
6813,9.343
6814,5.44
6815,5.44
6816,5.44
6817,5.44
6818,5.44
6819,5.44
6820,5.44
6821,5.44
6822,8.943
6823,9.678
6824,16.597
6825,26.161
6826,26.161
6827,26.276
6828,27.773
6829,29.641
6830,30.674
6831,31.633
6832,31.967
6833,31.632
6834,25.185
6835,25.42
6836,21.561
6837,9.343
6838,5.44
6839,5.44
6840,5.44
6841,5.313
6842,5.313
6843,5.313
6844,5.313
6845,5.313
6846,8.817
6847,7.161
6848,11.562
6849,19.115
6850,26.161
6851,26.295
6852,27.77
6853,30.163
6854,31.619
6855,32.363
6856,32.194
6857,30.963
6858,21.12
6859,16.184
6860,15.417
6861,10.328
6862,5.313
6863,5.313
6864,5.313
6865,5.313
6866,5.313
6867,5.313
6868,5.313
6869,5.313
6870,5.313
6871,2.146
6872,6.527
6873,6.527
6874,14.08
6875,14.08
6876,19.624
6877,21.18
6878,22.015
6879,22.598
6880,22.83
6881,16.986
6882,11.803
6883,5.313
6884,5.313
6885,5.313
6886,5.313
6887,5.313
6888,5.313
6889,5.44
6890,5.44
6891,5.44
6892,5.44
6893,5.44
6894,8.943
6895,9.678
6896,16.597
6897,26.161
6898,26.163
6899,26.523
6900,27.353
6901,27.98
6902,28.366
6903,29.234
6904,29.445
6905,29.055
6906,23.263
6907,23.531
6908,20.543
6909,9.343
6910,5.44
6911,5.44
6912,5.44
6913,5.44
6914,5.44
6915,5.44
6916,5.44
6917,5.44
6918,8.943
6919,9.678
6920,16.597
6921,26.161
6922,26.161
6923,26.161
6924,26.259
6925,26.709
6926,27.197
6927,27.538
6928,27.724
6929,27.635
6930,22.503
6931,23.254
6932,20.426
6933,9.343
6934,5.44
6935,5.44
6936,5.44
6937,5.44
6938,5.44
6939,5.44
6940,5.44
6941,5.44
6942,8.943
6943,9.678
6944,16.597
6945,26.161
6946,26.161
6947,26.161
6948,26.161
6949,26.161
6950,26.161
6951,26.161
6952,26.161
6953,26.161
6954,21.649
6955,22.916
6956,20.399
6957,9.343
6958,5.44
6959,5.44
6960,5.448
6961,5.459
6962,5.473
6963,5.501
6964,5.56
6965,5.602
6966,8.943
6967,9.678
6968,16.597
6969,26.161
6970,26.161
6971,26.161
6972,26.161
6973,26.161
6974,26.161
6975,26.161
6976,26.161
6977,26.161
6978,21.649
6979,22.916
6980,20.399
6981,9.343
6982,5.44
6983,5.44
6984,5.44
6985,5.464
6986,5.475
6987,5.538
6988,5.612
6989,5.74
6990,8.943
6991,9.678
6992,16.597
6993,26.161
6994,26.161
6995,26.161
6996,26.161
6997,26.161
6998,26.161
6999,26.166
7000,26.171
7001,26.161
7002,21.649
7003,22.916
7004,20.399
7005,9.343
7006,5.44
7007,5.44
7008,5.44
7009,5.313
7010,5.33
7011,5.37
7012,5.373
7013,5.404
7014,8.817
7015,7.794
7016,11.562
7017,19.115
7018,26.161
7019,26.161
7020,26.161
7021,26.161
7022,26.161
7023,26.163
7024,26.162
7025,26.161
7026,19.132
7027,15.364
7028,15.364
7029,10.328
7030,5.313
7031,5.313
7032,5.313
7033,5.313
7034,5.313
7035,5.313
7036,5.313
7037,5.317
7038,5.33
7039,2.797
7040,6.527
7041,6.527
7042,14.08
7043,14.08
7044,19.115
7045,19.115
7046,19.115
7047,19.115
7048,19.115
7049,14.08
7050,11.579
7051,5.313
7052,5.313
7053,5.313
7054,5.313
7055,5.313
7056,5.313
7057,5.44
7058,5.44
7059,5.44
7060,5.44
7061,5.44
7062,8.943
7063,10.312
7064,16.597
7065,26.161
7066,26.161
7067,26.161
7068,26.194
7069,26.429
7070,26.793
7071,27.22
7072,27.218
7073,26.895
7074,21.957
7075,23.015
7076,20.399
7077,9.343
7078,5.44
7079,5.44
7080,5.44
7081,5.44
7082,5.44
7083,5.44
7084,5.44
7085,5.44
7086,8.943
7087,10.312
7088,16.597
7089,26.161
7090,26.161
7091,26.161
7092,26.167
7093,26.474
7094,26.968
7095,27.535
7096,27.665
7097,27.403
7098,22.919
7099,23.031
7100,20.399
7101,9.343
7102,5.44
7103,5.44
7104,5.44
7105,5.44
7106,5.44
7107,5.44
7108,5.44
7109,5.44
7110,8.943
7111,10.312
7112,16.597
7113,26.161
7114,26.161
7115,26.161
7116,26.312
7117,27.299
7118,28.678
7119,29.281
7120,29.215
7121,28.953
7122,23.594
7123,23.179
7124,20.399
7125,9.343
7126,5.44
7127,5.44
7128,5.44
7129,5.44
7130,5.44
7131,5.44
7132,5.44
7133,5.44
7134,8.943
7135,10.312
7136,16.597
7137,26.161
7138,26.161
7139,26.161
7140,26.178
7141,26.78
7142,28.845
7143,29.974
7144,29.278
7145,28.48
7146,23.673
7147,23.555
7148,20.736
7149,9.343
7150,5.44
7151,5.44
7152,5.44
7153,5.44
7154,5.44
7155,5.44
7156,5.44
7157,5.44
7158,8.943
7159,10.312
7160,16.597
7161,26.161
7162,26.161
7163,26.161
7164,26.161
7165,26.161
7166,26.171
7167,26.26
7168,26.272
7169,26.174
7170,22.283
7171,22.916
7172,20.399
7173,9.343
7174,5.44
7175,5.44
7176,5.44
7177,5.313
7178,5.326
7179,5.337
7180,5.361
7181,5.393
7182,8.817
7183,7.794
7184,11.562
7185,19.115
7186,26.161
7187,26.161
7188,26.161
7189,26.161
7190,26.219
7191,26.372
7192,26.466
7193,26.308
7194,19.765
7195,15.364
7196,15.364
7197,10.328
7198,5.313
7199,5.313
7200,5.313
7201,5.313
7202,5.333
7203,5.332
7204,5.332
7205,5.354
7206,5.447
7207,2.949
7208,6.527
7209,6.527
7210,14.08
7211,14.08
7212,19.115
7213,19.115
7214,19.115
7215,19.115
7216,19.115
7217,14.08
7218,12.212
7219,5.313
7220,5.313
7221,5.313
7222,5.313
7223,5.313
7224,5.313
7225,5.46
7226,5.507
7227,5.623
7228,5.648
7229,5.779
7230,8.943
7231,10.312
7232,16.597
7233,26.161
7234,26.161
7235,26.161
7236,26.161
7237,26.161
7238,26.161
7239,26.161
7240,26.161
7241,26.161
7242,22.283
7243,22.916
7244,20.399
7245,9.343
7246,5.44
7247,5.445
7248,5.469
7249,5.502
7250,5.635
7251,5.77
7252,5.861
7253,5.914
7254,8.943
7255,10.312
7256,16.597
7257,26.161
7258,26.161
7259,26.161
7260,26.161
7261,26.161
7262,26.161
7263,26.161
7264,26.161
7265,26.161
7266,22.283
7267,22.916
7268,20.399
7269,9.343
7270,5.44
7271,5.44
7272,5.463
7273,5.51
7274,5.547
7275,5.798
7276,5.925
7277,6.093
7278,8.943
7279,10.945
7280,16.597
7281,26.161
7282,26.161
7283,26.161
7284,26.161
7285,26.161
7286,26.161
7287,26.161
7288,26.161
7289,26.161
7290,22.283
7291,22.916
7292,20.399
7293,9.343
7294,5.44
7295,5.44
7296,5.44
7297,5.44
7298,5.44
7299,5.45
7300,5.462
7301,5.461
7302,8.943
7303,10.945
7304,16.597
7305,26.161
7306,26.161
7307,26.161
7308,26.161
7309,26.182
7310,26.521
7311,27.012
7312,27.018
7313,26.741
7314,23.115
7315,22.917
7316,20.399
7317,9.343
7318,5.44
7319,5.44
7320,5.44
7321,5.44
7322,5.44
7323,5.44
7324,5.444
7325,5.464
7326,8.943
7327,10.945
7328,16.597
7329,26.161
7330,26.161
7331,26.161
7332,26.161
7333,26.161
7334,26.161
7335,26.169
7336,26.161
7337,26.161
7338,22.916
7339,22.916
7340,20.399
7341,9.343
7342,5.44
7343,5.44
7344,5.44
7345,5.317
7346,5.331
7347,5.331
7348,5.338
7349,5.363
7350,8.817
7351,8.428
7352,11.562
7353,19.115
7354,26.161
7355,26.161
7356,26.161
7357,26.161
7358,26.161
7359,26.161
7360,26.161
7361,26.161
7362,20.399
7363,15.364
7364,15.364
7365,10.328
7366,5.313
7367,5.313
7368,5.313
7369,5.313
7370,5.318
7371,5.356
7372,5.443
7373,5.588
7374,5.697
7375,3.904
7376,6.527
7377,6.527
7378,14.08
7379,14.08
7380,19.115
7381,19.115
7382,19.115
7383,19.115
7384,19.115
7385,14.08
7386,12.846
7387,5.313
7388,5.313
7389,5.313
7390,5.313
7391,5.317
7392,5.338
7393,5.515
7394,5.59
7395,5.692
7396,5.712
7397,5.803
7398,5.84
7399,7.042
7400,9.045
7401,16.597
7402,26.161
7403,26.161
7404,26.161
7405,26.161
7406,26.161
7407,26.161
7408,26.161
7409,26.161
7410,29.963
7411,22.916
7412,22.916
7413,20.399
7414,9.343
7415,5.44
7416,5.448
7417,5.46
7418,5.499
7419,5.573
7420,5.677
7421,5.664
7422,5.715
7423,7.042
7424,9.045
7425,16.597
7426,26.161
7427,26.161
7428,26.161
7429,26.161
7430,26.162
7431,26.242
7432,26.382
7433,26.252
7434,29.963
7435,22.916
7436,22.916
7437,20.399
7438,9.343
7439,5.44
7440,5.44
7441,5.448
7442,5.459
7443,5.472
7444,5.5
7445,5.607
7446,5.699
7447,7.042
7448,9.045
7449,16.597
7450,26.161
7451,26.161
7452,26.161
7453,26.163
7454,26.338
7455,26.545
7456,26.639
7457,26.448
7458,29.977
7459,22.916
7460,22.916
7461,20.399
7462,9.343
7463,5.44
7464,5.44
7465,5.44
7466,5.44
7467,5.44
7468,5.44
7469,5.455
7470,5.518
7471,7.042
7472,9.045
7473,16.597
7474,26.161
7475,26.161
7476,26.161
7477,26.167
7478,26.392
7479,26.925
7480,27.376
7481,27.167
7482,30.496
7483,23.143
7484,22.916
7485,20.399
7486,9.343
7487,5.44
7488,5.44
7489,5.44
7490,5.44
7491,5.44
7492,5.44
7493,5.44
7494,5.44
7495,7.042
7496,9.045
7497,16.597
7498,26.161
7499,26.161
7500,26.161
7501,26.161
7502,26.235
7503,26.333
7504,26.404
7505,26.336
7506,29.993
7507,22.916
7508,22.916
7509,20.399
7510,9.343
7511,5.44
7512,5.44
7513,5.313
7514,5.313
7515,5.313
7516,5.313
7517,5.313
7518,5.313
7519,6.916
7520,6.527
7521,11.562
7522,19.115
7523,26.161
7524,26.161
7525,26.161
7526,26.183
7527,26.334
7528,26.434
7529,26.387
7530,30.011
7531,20.399
7532,15.364
7533,15.364
7534,10.328
7535,5.313
7536,5.313
7537,5.313
7538,5.313
7539,5.313
7540,5.313
7541,5.323
7542,5.329
7543,4.068
7544,1.532
7545,6.527
7546,6.527
7547,14.08
7548,14.08
7549,19.115
7550,19.115
7551,19.115
7552,19.115
7553,19.115
7554,17.881
7555,12.846
7556,5.313
7557,5.325
7558,5.358
7559,5.432
7560,5.639
7561,5.808
7562,5.917
7563,5.987
7564,6.112
7565,6.081
7566,6.155
7567,7.676
7568,9.045
7569,16.597
7570,26.161
7571,26.161
7572,26.161
7573,26.161
7574,26.161
7575,26.161
7576,26.161
7577,26.795
7578,29.963
7579,22.916
7580,22.916
7581,20.399
7582,9.343
7583,5.45
7584,5.467
7585,5.619
7586,5.771
7587,5.914
7588,5.863
7589,6.029
7590,6.009
7591,7.676
7592,9.045
7593,16.597
7594,26.161
7595,26.161
7596,26.161
7597,26.161
7598,26.161
7599,26.161
7600,26.192
7601,26.797
7602,29.963
7603,22.916
7604,22.916
7605,20.399
7606,9.343
7607,5.44
7608,5.44
7609,5.44
7610,5.444
7611,5.461
7612,5.462
7613,5.469
7614,5.514
7615,7.676
7616,9.045
7617,16.597
7618,26.161
7619,26.161
7620,26.161
7621,26.161
7622,26.161
7623,26.161
7624,26.161
7625,26.795
7626,29.963
7627,22.916
7628,22.916
7629,20.399
7630,9.343
7631,5.44
7632,5.44
7633,5.452
7634,5.468
7635,5.476
7636,5.544
7637,5.619
7638,5.679
7639,7.676
7640,9.045
7641,16.597
7642,26.161
7643,26.161
7644,26.161
7645,26.161
7646,26.161
7647,26.161
7648,26.161
7649,26.795
7650,29.963
7651,22.916
7652,22.916
7653,20.399
7654,9.343
7655,5.44
7656,5.44
7657,5.44
7658,5.44
7659,5.447
7660,5.454
7661,5.464
7662,5.462
7663,7.676
7664,9.045
7665,16.597
7666,26.161
7667,26.161
7668,26.161
7669,26.161
7670,26.161
7671,26.161
7672,26.161
7673,26.795
7674,29.963
7675,22.916
7676,22.916
7677,20.399
7678,9.343
7679,5.44
7680,5.44
7681,5.336
7682,5.337
7683,5.383
7684,5.481
7685,5.613
7686,5.661
7687,7.549
7688,6.527
7689,11.562
7690,19.115
7691,26.161
7692,26.161
7693,26.161
7694,26.161
7695,26.161
7696,26.161
7697,26.795
7698,29.963
7699,20.399
7700,15.364
7701,15.364
7702,10.328
7703,5.313
7704,5.313
7705,5.313
7706,5.313
7707,5.313
7708,5.313
7709,5.323
7710,5.337
7711,4.081
7712,1.569
7713,6.527
7714,6.527
7715,14.08
7716,14.08
7717,19.115
7718,19.115
7719,19.115
7720,19.115
7721,19.748
7722,17.881
7723,12.846
7724,5.319
7725,5.378
7726,5.541
7727,5.673
7728,5.766
7729,5.948
7730,6.001
7731,6.042
7732,6.1
7733,6.149
7734,6.169
7735,7.676
7736,9.045
7737,16.597
7738,26.161
7739,26.161
7740,26.161
7741,26.161
7742,26.161
7743,26.161
7744,26.161
7745,26.795
7746,29.963
7747,22.916
7748,22.916
7749,20.399
7750,9.357
7751,5.554
7752,5.811
7753,5.899
7754,6.087
7755,6.042
7756,6.197
7757,6.137
7758,6.327
7759,7.676
7760,9.045
7761,16.597
7762,26.161
7763,26.161
7764,26.161
7765,26.161
7766,26.161
7767,26.161
7768,26.161
7769,26.795
7770,29.963
7771,22.916
7772,22.916
7773,20.399
7774,9.348
7775,5.492
7776,5.665
7777,5.795
7778,5.875
7779,5.962
7780,6.107
7781,6.168
7782,6.215
7783,8.31
7784,9.045
7785,16.597
7786,26.161
7787,26.161
7788,26.161
7789,26.161
7790,26.161
7791,26.161
7792,26.161
7793,26.795
7794,29.963
7795,22.916
7796,22.916
7797,20.399
7798,9.357
7799,5.555
7800,5.859
7801,5.844
7802,6.067
7803,6.165
7804,6.308
7805,6.299
7806,6.381
7807,5.677
7808,2.54
7809,6.527
7810,6.527
7811,14.08
7812,14.08
7813,19.115
7814,19.115
7815,19.115
7816,19.115
7817,19.748
7818,17.881
7819,12.846
7820,5.32
7821,5.395
7822,5.61
7823,5.695
7824,5.851
7825,6.016
7826,6.189
7827,6.157
7828,6.285
7829,6.269
7830,6.433
7831,8.31
7832,9.045
7833,16.597
7834,26.161
7835,26.161
7836,26.161
7837,26.161
7838,26.161
7839,26.161
7840,26.161
7841,26.795
7842,29.963
7843,22.916
7844,22.916
7845,20.399
7846,9.343
7847,5.458
7848,5.611
7849,5.719
7850,5.886
7851,5.903
7852,5.972
7853,6.011
7854,6.236
7855,8.183
7856,6.527
7857,11.562
7858,19.115
7859,26.161
7860,26.161
7861,26.161
7862,26.161
7863,26.161
7864,26.161
7865,26.795
7866,29.963
7867,20.399
7868,15.364
7869,15.364
7870,10.328
7871,5.313
7872,5.361
7873,5.55
7874,5.752
7875,5.727
7876,5.817
7877,5.815
7878,6.01
7879,5.423
7880,2.294
7881,6.527
7882,6.527
7883,14.08
7884,14.08
7885,19.115
7886,19.115
7887,19.115
7888,19.115
7889,19.748
7890,17.881
7891,12.846
7892,5.313
7893,5.313
7894,5.313
7895,5.324
7896,5.387
7897,5.665
7898,5.792
7899,5.844
7900,5.887
7901,5.972
7902,6.048
7903,8.31
7904,9.045
7905,16.597
7906,26.161
7907,26.161
7908,26.161
7909,26.161
7910,26.161
7911,26.161
7912,26.161
7913,26.795
7914,29.963
7915,22.916
7916,22.916
7917,20.399
7918,9.343
7919,5.44
7920,5.44
7921,5.44
7922,5.454
7923,5.458
7924,5.458
7925,5.464
7926,5.482
7927,8.31
7928,9.045
7929,16.597
7930,26.161
7931,26.161
7932,26.161
7933,26.161
7934,26.161
7935,26.161
7936,26.161
7937,26.795
7938,29.963
7939,22.916
7940,22.916
7941,20.399
7942,9.343
7943,5.44
7944,5.465
7945,5.531
7946,5.758
7947,5.876
7948,6.022
7949,6.045
7950,6.139
7951,8.31
7952,9.045
7953,16.597
7954,26.161
7955,26.161
7956,26.161
7957,26.161
7958,26.161
7959,26.161
7960,26.161
7961,26.795
7962,29.963
7963,22.916
7964,22.916
7965,20.399
7966,9.343
7967,5.44
7968,5.448
7969,5.459
7970,5.487
7971,5.609
7972,5.72
7973,5.761
7974,5.908
7975,8.31
7976,9.045
7977,16.597
7978,26.161
7979,26.161
7980,26.161
7981,26.161
7982,26.161
7983,26.161
7984,26.161
7985,26.795
7986,29.963
7987,22.916
7988,22.916
7989,20.399
7990,9.343
7991,5.44
7992,5.44
7993,5.461
7994,5.487
7995,5.593
7996,5.732
7997,5.851
7998,5.939
7999,8.31
8000,9.045
8001,16.597
8002,26.161
8003,26.161
8004,26.161
8005,26.161
8006,26.161
8007,26.161
8008,26.161
8009,26.795
8010,29.963
8011,22.916
8012,22.916
8013,20.399
8014,9.343
8015,5.472
8016,5.605
8017,5.727
8018,5.867
8019,6.017
8020,6.108
8021,6.211
8022,6.297
8023,8.817
8024,6.527
8025,11.562
8026,19.115
8027,26.161
8028,26.161
8029,26.161
8030,26.161
8031,26.161
8032,26.161
8033,26.795
8034,29.963
8035,20.399
8036,15.364
8037,15.364
8038,10.328
8039,5.328
8040,5.516
8041,5.654
8042,5.826
8043,5.906
8044,6.156
8045,6.066
8046,6.274
8047,6.212
8048,2.445
8049,6.527
8050,6.527
8051,14.08
8052,14.08
8053,19.115
8054,19.115
8055,19.115
8056,19.115
8057,19.748
8058,17.881
8059,12.846
8060,5.313
8061,5.323
8062,5.35
8063,5.464
8064,5.58
8065,5.802
8066,5.853
8067,5.948
8068,5.984
8069,6.094
8070,6.128
8071,8.943
8072,9.045
8073,16.597
8074,26.161
8075,26.161
8076,26.161
8077,26.161
8078,26.161
8079,26.161
8080,26.161
8081,26.795
8082,29.963
8083,22.916
8084,22.916
8085,20.399
8086,9.343
8087,5.456
8088,5.487
8089,5.587
8090,5.713
8091,5.824
8092,6.036
8093,6.123
8094,6.236
8095,8.943
8096,9.045
8097,16.597
8098,26.161
8099,26.161
8100,26.161
8101,26.161
8102,26.161
8103,26.161
8104,26.161
8105,26.795
8106,29.963
8107,22.916
8108,22.916
8109,20.399
8110,9.343
8111,5.468
8112,5.503
8113,5.597
8114,5.749
8115,5.831
8116,5.965
8117,6.082
8118,6.17
8119,8.943
8120,9.045
8121,16.597
8122,26.161
8123,26.161
8124,26.161
8125,26.161
8126,26.161
8127,26.161
8128,26.161
8129,27.428
8130,29.963
8131,22.916
8132,22.916
8133,20.399
8134,9.343
8135,5.459
8136,5.473
8137,5.522
8138,5.626
8139,5.731
8140,5.824
8141,5.857
8142,5.955
8143,8.943
8144,9.045
8145,16.597
8146,26.161
8147,26.161
8148,26.161
8149,26.161
8150,26.161
8151,26.161
8152,26.161
8153,27.428
8154,29.963
8155,22.916
8156,22.916
8157,20.399
8158,9.343
8159,5.458
8160,5.491
8161,5.573
8162,5.703
8163,5.815
8164,5.904
8165,5.933
8166,5.98
8167,8.943
8168,9.045
8169,16.597
8170,26.161
8171,26.161
8172,26.161
8173,26.161
8174,26.161
8175,26.161
8176,26.161
8177,27.428
8178,29.963
8179,22.916
8180,22.916
8181,20.399
8182,9.343
8183,5.44
8184,5.459
8185,5.347
8186,5.414
8187,5.531
8188,5.616
8189,5.638
8190,5.753
8191,8.817
8192,6.527
8193,11.562
8194,19.115
8195,26.161
8196,26.161
8197,26.161
8198,26.161
8199,26.161
8200,26.161
8201,27.428
8202,29.963
8203,20.399
8204,15.364
8205,15.364
8206,10.328
8207,5.313
8208,5.319
8209,5.358
8210,5.44
8211,5.576
8212,5.672
8213,5.759
8214,5.859
8215,5.967
8216,2.163
8217,6.527
8218,6.527
8219,14.08
8220,14.08
8221,19.115
8222,19.115
8223,19.115
8224,19.115
8225,20.382
8226,17.881
8227,12.846
8228,5.313
8229,5.313
8230,5.329
8231,5.411
8232,5.501
8233,5.74
8234,5.76
8235,5.922
8236,5.927
8237,6.037
8238,5.994
8239,8.943
8240,9.045
8241,16.597
8242,26.161
8243,26.161
8244,26.161
8245,26.161
8246,26.161
8247,26.161
8248,26.161
8249,26.795
8250,29.963
8251,22.916
8252,22.916
8253,20.399
8254,9.343
8255,5.452
8256,5.468
8257,5.571
8258,5.711
8259,5.837
8260,5.857
8261,5.971
8262,6.002
8263,8.943
8264,9.045
8265,16.597
8266,26.161
8267,26.161
8268,26.161
8269,26.161
8270,26.161
8271,26.161
8272,26.161
8273,26.795
8274,29.963
8275,22.916
8276,22.916
8277,20.399
8278,9.343
8279,5.47
8280,5.552
8281,5.757
8282,5.834
8283,5.924
8284,5.966
8285,6.106
8286,6.131
8287,8.943
8288,9.045
8289,16.597
8290,26.161
8291,26.161
8292,26.161
8293,26.161
8294,26.161
8295,26.161
8296,26.161
8297,26.795
8298,29.963
8299,22.916
8300,22.916
8301,20.399
8302,9.343
8303,5.44
8304,5.44
8305,5.459
8306,5.471
8307,5.527
8308,5.572
8309,5.688
8310,5.704
8311,8.943
8312,9.045
8313,16.597
8314,26.161
8315,26.161
8316,26.161
8317,26.161
8318,26.161
8319,26.161
8320,26.161
8321,26.795
8322,29.963
8323,22.916
8324,22.916
8325,20.399
8326,9.343
8327,5.475
8328,5.65
8329,5.856
8330,5.957
8331,5.999
8332,6.058
8333,6.091
8334,6.17
8335,8.943
8336,9.678
8337,16.597
8338,26.161
8339,26.161
8340,26.161
8341,26.161
8342,26.161
8343,26.161
8344,26.161
8345,26.795
8346,29.963
8347,22.916
8348,22.916
8349,20.399
8350,9.381
8351,5.821
8352,5.982
8353,5.918
8354,6.01
8355,6.141
8356,6.219
8357,6.302
8358,6.406
8359,8.817
8360,7.161
8361,11.562
8362,19.115
8363,26.161
8364,26.161
8365,26.161
8366,26.161
8367,26.161
8368,26.161
8369,26.795
8370,29.963
8371,20.399
8372,15.364
8373,15.364
8374,10.328
8375,5.386
8376,5.679
8377,5.926
8378,6.048
8379,6.247
8380,6.212
8381,6.393
8382,6.338
8383,6.507
8384,3.199
8385,6.527
8386,6.527
8387,14.08
8388,14.08
8389,19.115
8390,19.115
8391,19.115
8392,19.115
8393,19.748
8394,17.881
8395,12.846
8396,5.35
8397,5.596
8398,5.803
8399,5.953
8400,6.077
8401,6.241
8402,6.233
8403,6.274
8404,6.288
8405,6.297
8406,6.419
8407,8.943
8408,9.678
8409,16.597
8410,26.161
8411,26.161
8412,26.161
8413,26.161
8414,26.161
8415,26.161
8416,26.161
8417,26.795
8418,29.963
8419,22.916
8420,22.916
8421,20.399
8422,9.361
8423,5.602
8424,5.874
8425,6.079
8426,6.202
8427,6.316
8428,6.366
8429,6.48
8430,6.539
8431,8.943
8432,9.678
8433,16.597
8434,26.161
8435,26.161
8436,26.161
8437,26.161
8438,26.161
8439,26.161
8440,26.161
8441,26.795
8442,29.963
8443,22.916
8444,22.916
8445,20.399
8446,9.36
8447,5.596
8448,5.863
8449,6.036
8450,6.116
8451,6.201
8452,6.244
8453,6.361
8454,6.461
8455,8.943
8456,9.678
8457,16.597
8458,26.161
8459,26.161
8460,26.161
8461,26.161
8462,26.161
8463,26.161
8464,26.161
8465,26.795
8466,29.963
8467,22.916
8468,22.916
8469,20.399
8470,9.35
8471,5.519
8472,5.704
8473,5.927
8474,6.02
8475,6.103
8476,6.121
8477,6.233
8478,6.255
8479,8.943
8480,9.678
8481,16.597
8482,26.161
8483,26.161
8484,26.161
8485,26.161
8486,26.161
8487,26.161
8488,26.161
8489,26.795
8490,29.963
8491,22.916
8492,22.916
8493,20.399
8494,9.352
8495,5.519
8496,5.771
8497,5.855
8498,5.933
8499,5.913
8500,5.989
8501,5.952
8502,6.084
8503,8.943
8504,9.678
8505,16.597
8506,26.161
8507,26.161
8508,26.161
8509,26.161
8510,26.161
8511,26.161
8512,26.161
8513,26.795
8514,29.963
8515,22.916
8516,22.916
8517,20.399
8518,9.348
8519,5.478
8520,5.63
8521,5.631
8522,5.756
8523,5.772
8524,5.868
8525,5.841
8526,5.934
8527,8.817
8528,7.161
8529,11.562
8530,19.115
8531,26.161
8532,26.161
8533,26.161
8534,26.161
8535,26.161
8536,26.161
8537,26.795
8538,29.963
8539,20.399
8540,15.364
8541,15.364
8542,10.328
8543,5.319
8544,5.366
8545,5.413
8546,5.537
8547,5.578
8548,5.667
8549,5.623
8550,5.774
8551,5.802
8552,2.681
8553,6.527
8554,6.527
8555,14.08
8556,14.08
8557,19.115
8558,19.115
8559,19.115
8560,19.115
8561,19.748
8562,17.881
8563,12.846
8564,5.332
8565,5.493
8566,5.654
8567,5.78
8568,5.809
8569,6.07
8570,6.015
8571,6.1
8572,6.046
8573,6.164
8574,6.096
8575,8.943
8576,9.678
8577,16.597
8578,26.161
8579,26.161
8580,26.161
8581,26.161
8582,26.161
8583,26.161
8584,26.161
8585,26.795
8586,29.963
8587,22.916
8588,22.916
8589,20.399
8590,9.357
8591,5.568
8592,5.822
8593,5.774
8594,5.861
8595,5.915
8596,6.052
8597,6.051
8598,6.105
8599,6.145
8600,3.027
8601,6.527
8602,6.527
8603,14.08
8604,14.08
8605,19.115
8606,19.115
8607,19.115
8608,19.115
8609,19.748
8610,17.881
8611,12.846
8612,5.33
8613,5.467
8614,5.693
8615,5.878
8616,5.894
8617,6.208
8618,6.235
8619,6.361
8620,6.34
8621,6.44
8622,6.379
8623,8.943
8624,9.678
8625,16.597
8626,26.161
8627,26.161
8628,26.161
8629,26.161
8630,26.161
8631,26.161
8632,26.161
8633,26.795
8634,29.963
8635,22.916
8636,22.916
8637,20.399
8638,9.343
8639,5.472
8640,5.634
8641,5.849
8642,5.916
8643,6.005
8644,6.041
8645,6.127
8646,6.21
8647,8.943
8648,9.678
8649,16.597
8650,26.161
8651,26.161
8652,26.161
8653,26.161
8654,26.161
8655,26.161
8656,26.161
8657,26.795
8658,29.963
8659,22.916
8660,22.916
8661,20.399
8662,9.343
8663,5.467
8664,5.552
8665,5.69
8666,5.718
8667,5.81
8668,5.856
8669,5.981
8670,6.044
8671,8.943
8672,9.678
8673,16.597
8674,26.161
8675,26.161
8676,26.161
8677,26.161
8678,26.161
8679,26.161
8680,26.161
8681,26.795
8682,29.963
8683,22.916
8684,22.916
8685,20.399
8686,9.464
8687,5.914
8688,6.116
8689,6.156
8690,6.257
8691,6.314
8692,6.361
8693,6.418
8694,6.447
8695,8.817
8696,7.161
8697,11.562
8698,19.115
8699,26.161
8700,26.161
8701,26.161
8702,26.161
8703,26.161
8704,26.161
8705,26.795
8706,29.963
8707,20.399
8708,15.364
8709,15.364
8710,10.328
8711,5.464
8712,5.797
8713,5.909
8714,6.028
8715,6.127
8716,6.279
8717,6.317
8718,6.435
8719,6.373
8720,3.245
8721,6.527
8722,6.527
8723,14.08
8724,14.08
8725,19.115
8726,19.115
8727,19.115
8728,19.115
8729,19.748
8730,17.881
8731,12.846
8732,5.344
8733,5.574
8734,5.72
8735,5.797
8736,5.824
8737,6.076
8738,6.109
8739,6.246
8740,6.274
8741,6.349
8742,6.35
8743,8.943
8744,9.678
8745,16.597
8746,26.161
8747,26.161
8748,26.161
8749,26.161
8750,26.161
8751,26.161
8752,26.161
8753,26.795
8754,29.963
8755,22.916
8756,22.916
8757,20.399
8758,9.399
8759,5.812
8760,6.072
